fiyat,sehir,ilce,metrekare,oda_sayisi,bina_yasi,bulundugu_kat,toplam_kat,balkon,esyali,site_icinde,isinma,ulasim_skoru,kategori
3525000,Ankara,Çankaya,164,4,17,7,9,0,1,0,Jeotermal,9,Orta Segment
1959000,Ankara,Pursaklar,92,1,1,2,4,0,1,0,Klima,4,Ekonomik
645000,Trabzon,Yomra,100,2,28,18,21,0,0,1,Merkezi Sistem,5,Ekonomik
5484000,İzmir,Bayraklı,211,5,21,3,4,1,0,1,Merkezi Sistem,10,Lüks
2403000,Antalya,Muratpaşa,145,4,29,17,18,1,0,1,Jeotermal,10,Orta Segment
1872000,Adana,Çukurova,145,4,4,1,3,1,0,0,Doğalgaz,7,Ekonomik
1977000,Antalya,Döşemealtı,159,4,23,5,8,1,0,1,Jeotermal,2,Ekonomik
791000,Gaziantep,Şahinbey,95,3,15,5,9,1,0,0,Jeotermal,6,Ekonomik
1999000,İstanbul,Üsküdar,59,1,20,12,15,0,0,1,Kombi,8,Ekonomik
556000,Konya,Beyşehir,61,1,16,4,6,1,1,1,Klima,7,Ekonomik
576000,Adana,Çukurova,109,1,32,15,16,0,0,0,Jeotermal,3,Ekonomik
781000,Konya,Selçuklu,131,3,24,19,23,1,1,0,Jeotermal,2,Ekonomik
1670000,Trabzon,Araklı,169,5,21,3,6,1,0,1,Doğalgaz,5,Ekonomik
1493000,Trabzon,Akçaabat,106,3,6,20,23,0,0,1,Kombi,9,Ekonomik
1316000,Trabzon,Ortahisar,117,3,20,15,16,0,0,1,Kombi,1,Ekonomik
1157000,Bursa,Gürsu,67,1,5,15,16,0,0,1,Klima,3,Ekonomik
1490000,Antalya,Alanya,129,3,27,6,11,0,1,1,Soba,6,Ekonomik
739000,Kayseri,Develi,96,1,15,7,8,1,0,0,Klima,4,Ekonomik
3755000,İstanbul,Beşiktaş,159,4,40,1,3,0,0,1,Doğalgaz,9,Orta Segment
1433000,Bursa,Yıldırım,128,4,31,6,11,0,1,1,Kombi,8,Ekonomik
994000,Konya,Karatay,94,1,6,13,16,1,0,1,Jeotermal,1,Ekonomik
1738000,Ankara,Çankaya,127,3,21,3,5,0,0,1,Kombi,7,Ekonomik
1861000,İzmir,Buca,100,3,15,2,6,0,0,0,Doğalgaz,4,Ekonomik
1955000,İzmir,Gaziemir,120,3,30,6,10,0,0,1,Doğalgaz,7,Ekonomik
1108000,Antalya,Döşemealtı,111,2,27,17,21,0,0,1,Kombi,1,Ekonomik
2101000,Gaziantep,Şehitkamil,161,4,20,1,2,1,1,0,Doğalgaz,9,Orta Segment
640000,Ankara,Mamak,66,1,38,2,4,1,0,0,Klima,10,Ekonomik
2115000,İstanbul,Sarıyer,100,1,26,18,23,1,0,0,Jeotermal,6,Orta Segment
1809000,Bursa,Yıldırım,113,3,8,20,23,1,0,0,Doğalgaz,8,Ekonomik
531000,Gaziantep,Şehitkamil,86,1,34,6,11,1,0,1,Doğalgaz,4,Ekonomik
365000,Adana,Yüreğir,70,1,28,17,20,0,1,1,Jeotermal,2,Ekonomik
979000,İzmir,Buca,57,1,6,17,19,1,0,0,Jeotermal,6,Ekonomik
1665000,Bursa,Yıldırım,146,3,31,8,9,0,1,1,Merkezi Sistem,1,Ekonomik
10299000,İstanbul,Maltepe,178,5,8,20,23,0,1,1,Klima,7,Lüks
785000,Trabzon,Ortahisar,87,1,4,4,9,0,0,0,Soba,3,Ekonomik
5737000,İstanbul,Ataşehir,112,2,2,11,13,0,1,0,Merkezi Sistem,9,Lüks
1175000,Konya,Karatay,104,2,10,5,9,0,0,1,Soba,4,Ekonomik
2784000,Antalya,Kepez,127,5,6,12,13,1,0,0,Soba,6,Orta Segment
2345000,Antalya,Kepez,106,2,1,6,10,1,0,0,Merkezi Sistem,6,Orta Segment
941000,Trabzon,Yomra,156,4,34,10,11,0,0,0,Klima,5,Ekonomik
2827000,İstanbul,Beşiktaş,125,3,27,11,14,1,1,0,Soba,10,Orta Segment
869000,Bursa,Yıldırım,109,1,27,0,5,0,0,1,Doğalgaz,6,Ekonomik
1832000,Gaziantep,Nizip,138,4,7,9,14,1,1,1,Merkezi Sistem,7,Ekonomik
2029000,Antalya,Alanya,98,1,12,13,17,0,1,1,Soba,9,Orta Segment
2997000,İstanbul,Ataşehir,94,2,13,13,18,1,0,1,Soba,4,Orta Segment
2693000,Trabzon,Yomra,181,5,10,2,5,1,0,0,Jeotermal,5,Orta Segment
871000,Bursa,Osmangazi,65,1,1,1,3,1,1,0,Soba,7,Ekonomik
886000,Gaziantep,Şahinbey,147,4,24,15,19,0,0,0,Doğalgaz,7,Ekonomik
2375000,Bursa,Osmangazi,185,5,33,14,15,0,0,1,Kombi,8,Orta Segment
1786000,Trabzon,Araklı,180,5,28,19,24,1,1,1,Kombi,8,Ekonomik
1675000,Kayseri,Talas,151,5,15,20,23,1,1,0,Merkezi Sistem,8,Ekonomik
1528000,Ankara,Yenimahalle,98,2,17,10,13,0,0,0,Kombi,7,Ekonomik
950000,İzmir,Bayraklı,76,1,26,13,16,1,0,0,Kombi,7,Ekonomik
1754000,Konya,Selçuklu,217,5,36,12,16,0,0,1,Soba,7,Ekonomik
1760000,Trabzon,Akçaabat,135,3,14,8,12,1,0,1,Merkezi Sistem,7,Ekonomik
482000,İzmir,Balçova,41,1,39,17,18,1,1,0,Doğalgaz,7,Ekonomik
2511000,İzmir,Balçova,81,1,3,8,12,1,0,1,Merkezi Sistem,6,Orta Segment
1358000,Konya,Meram,176,5,26,8,9,1,0,0,Merkezi Sistem,4,Ekonomik
4113000,Ankara,Çankaya,179,5,1,7,9,0,1,0,Kombi,3,Orta Segment
1668000,Kayseri,Melikgazi,152,3,13,14,17,1,0,0,Kombi,5,Ekonomik
1148000,Ankara,Çankaya,120,2,36,12,16,0,0,0,Doğalgaz,5,Ekonomik
1798000,Gaziantep,Şehitkamil,208,5,36,1,4,1,1,1,Doğalgaz,9,Ekonomik
1167000,Adana,Seyhan,141,3,31,3,7,1,1,1,Jeotermal,3,Ekonomik
999000,Konya,Karatay,135,4,33,20,23,1,0,1,Jeotermal,10,Ekonomik
2261000,Antalya,Konyaaltı,106,2,5,8,12,0,0,1,Merkezi Sistem,1,Orta Segment
300000,Kayseri,Talas,48,1,31,6,9,1,0,1,Klima,5,Ekonomik
1206000,Trabzon,Ortahisar,108,3,12,2,4,1,0,0,Jeotermal,8,Ekonomik
2392000,Kayseri,Develi,161,5,1,2,5,0,0,0,Merkezi Sistem,10,Orta Segment
709000,Adana,Sarıçam,114,3,33,11,15,1,0,1,Merkezi Sistem,5,Ekonomik
1642000,Antalya,Kepez,96,1,12,10,11,0,0,0,Jeotermal,8,Ekonomik
3235000,Antalya,Alanya,184,5,33,19,22,0,0,1,Kombi,6,Orta Segment
486000,İzmir,Buca,47,1,34,4,7,0,0,1,Jeotermal,3,Ekonomik
468000,Kayseri,Melikgazi,85,1,36,9,13,1,0,1,Kombi,1,Ekonomik
943000,Antalya,Döşemealtı,55,1,4,12,16,0,1,0,Kombi,3,Ekonomik
870000,Gaziantep,Nizip,90,1,15,3,8,1,1,0,Klima,7,Ekonomik
635000,Kayseri,Develi,110,2,37,13,16,0,1,0,Kombi,4,Ekonomik
982000,Antalya,Muratpaşa,66,1,15,5,10,0,0,0,Soba,8,Ekonomik
1392000,Gaziantep,Islahiye,110,2,2,7,10,1,1,1,Doğalgaz,4,Ekonomik
4996000,Antalya,Alanya,192,4,12,13,14,0,1,0,Merkezi Sistem,3,Orta Segment
716000,Ankara,Çankaya,56,1,19,19,24,1,0,0,Soba,5,Ekonomik
655000,Konya,Meram,110,3,34,15,19,0,1,0,Soba,6,Ekonomik
1096000,Gaziantep,Nizip,103,1,5,7,12,0,1,1,Klima,1,Ekonomik
2860000,İzmir,Balçova,149,3,28,8,10,1,1,1,Doğalgaz,8,Orta Segment
1576000,Adana,Sarıçam,121,2,20,3,5,1,0,1,Merkezi Sistem,7,Ekonomik
1555000,Trabzon,Ortahisar,125,3,5,10,13,1,0,1,Klima,1,Ekonomik
1656000,Trabzon,Yomra,112,3,3,6,11,1,1,1,Jeotermal,8,Ekonomik
2370000,İstanbul,Üsküdar,103,2,35,4,7,1,1,1,Doğalgaz,1,Orta Segment
2367000,Gaziantep,Şahinbey,160,4,10,9,14,0,1,1,Doğalgaz,4,Orta Segment
1432000,Ankara,Gölbaşı,80,1,9,15,18,1,0,1,Soba,4,Ekonomik
1368000,Kayseri,Kocasinan,124,3,12,19,24,0,0,1,Soba,6,Ekonomik
979000,Trabzon,Araklı,92,1,18,9,14,1,0,1,Klima,8,Ekonomik
639000,Adana,Yüreğir,108,3,34,12,16,1,0,0,Klima,7,Ekonomik
835000,Bursa,Mudanya,75,1,20,15,19,1,1,0,Soba,1,Ekonomik
873000,İzmir,Çiğli,89,1,28,3,8,1,0,0,Soba,3,Ekonomik
3262000,Ankara,Gölbaşı,163,5,16,10,15,1,1,0,Merkezi Sistem,9,Orta Segment
1142000,Konya,Meram,146,4,31,17,18,0,0,1,Kombi,2,Ekonomik
1355000,Konya,Selçuklu,184,5,40,3,7,0,1,1,Doğalgaz,1,Ekonomik
711000,Adana,Seyhan,108,2,22,11,15,0,0,1,Klima,3,Ekonomik
702000,İzmir,Bornova,62,1,39,12,17,0,0,0,Kombi,8,Ekonomik
2879000,Antalya,Döşemealtı,106,2,0,14,17,0,0,1,Merkezi Sistem,10,Orta Segment
4067000,Antalya,Döşemealtı,162,4,16,14,17,0,0,1,Doğalgaz,4,Orta Segment
1738000,Konya,Meram,151,3,18,9,10,1,0,0,Klima,1,Ekonomik
600000,Gaziantep,Islahiye,77,2,14,19,22,0,1,0,Klima,5,Ekonomik
5591000,İzmir,Karşıyaka,165,4,2,9,13,0,1,1,Jeotermal,3,Lüks
1933000,Ankara,Yenimahalle,115,2,26,5,7,0,1,1,Klima,9,Ekonomik
1421000,Antalya,Kepez,116,2,30,9,12,0,0,0,Kombi,4,Ekonomik
596000,Konya,Meram,99,1,25,0,3,0,0,1,Jeotermal,5,Ekonomik
1139000,Gaziantep,Islahiye,148,4,23,3,5,1,0,1,Klima,4,Ekonomik
2485000,Ankara,Gölbaşı,139,4,19,20,24,0,0,0,Doğalgaz,5,Orta Segment
644000,Kayseri,Melikgazi,70,1,15,17,19,1,0,1,Jeotermal,9,Ekonomik
1977000,Konya,Karatay,176,3,6,15,20,1,0,0,Jeotermal,6,Ekonomik
2538000,Bursa,Mudanya,143,3,15,11,12,1,1,1,Doğalgaz,7,Orta Segment
801000,Antalya,Kepez,70,1,29,2,4,0,0,1,Kombi,3,Ekonomik
454000,Gaziantep,Şahinbey,81,1,35,6,11,0,0,1,Kombi,10,Ekonomik
1976000,İstanbul,Ataşehir,65,1,8,17,20,0,0,0,Kombi,1,Ekonomik
1023000,Adana,Çukurova,115,3,20,0,2,1,0,0,Jeotermal,7,Ekonomik
2165000,Trabzon,Ortahisar,155,4,4,15,19,1,1,0,Soba,9,Orta Segment
1080000,Bursa,Gürsu,122,1,33,9,13,0,0,1,Soba,7,Ekonomik
1314000,Ankara,Gölbaşı,114,4,28,2,3,1,1,0,Doğalgaz,3,Ekonomik
2149000,Antalya,Alanya,141,4,37,17,20,1,1,1,Soba,9,Orta Segment
634000,Gaziantep,Islahiye,64,1,7,20,25,0,0,1,Kombi,7,Ekonomik
1010000,Adana,Sarıçam,140,3,26,3,6,1,0,1,Merkezi Sistem,3,Ekonomik
611000,Kayseri,Melikgazi,55,1,5,2,6,0,1,1,Kombi,9,Ekonomik
2491000,İstanbul,Sarıyer,120,3,35,10,11,1,0,1,Jeotermal,1,Orta Segment
2096000,Antalya,Alanya,140,2,22,3,8,0,0,1,Kombi,2,Orta Segment
471000,Adana,Yüreğir,54,1,17,18,20,1,1,0,Klima,5,Ekonomik
5880000,İstanbul,Şişli,147,2,19,10,13,0,0,0,Klima,7,Lüks
1097000,Ankara,Mamak,124,4,40,0,1,0,0,1,Soba,6,Ekonomik
2991000,İzmir,Çiğli,130,2,20,18,23,0,0,0,Kombi,10,Orta Segment
3018000,İstanbul,Beşiktaş,113,2,28,13,17,1,0,1,Kombi,9,Orta Segment
2480000,Ankara,Sincan,111,3,7,9,14,1,1,1,Doğalgaz,4,Orta Segment
300000,Konya,Selçuklu,35,1,13,9,11,0,0,1,Merkezi Sistem,2,Ekonomik
3455000,İstanbul,Esenyurt,149,4,27,5,7,1,1,0,Klima,9,Orta Segment
2261000,Adana,Seyhan,162,3,2,13,14,1,0,1,Klima,7,Orta Segment
844000,Gaziantep,Islahiye,146,4,40,13,16,0,0,0,Merkezi Sistem,3,Ekonomik
1332000,Gaziantep,Islahiye,183,4,23,2,6,0,0,1,Klima,7,Ekonomik
1674000,Trabzon,Ortahisar,153,3,19,10,12,1,0,0,Klima,2,Ekonomik
1280000,Trabzon,Akçaabat,160,5,22,11,13,0,0,0,Merkezi Sistem,4,Ekonomik
7022000,İzmir,Bornova,183,5,4,5,9,1,1,1,Jeotermal,10,Lüks
1697000,Gaziantep,Nizip,156,4,20,4,8,0,0,1,Jeotermal,5,Ekonomik
1099000,Antalya,Alanya,82,1,22,16,17,1,0,1,Doğalgaz,1,Ekonomik
1096000,Adana,Yüreğir,111,1,5,19,24,1,0,0,Soba,10,Ekonomik
1292000,Bursa,Yıldırım,172,3,30,16,18,0,0,0,Merkezi Sistem,2,Ekonomik
835000,Trabzon,Akçaabat,76,1,15,14,18,0,0,1,Merkezi Sistem,7,Ekonomik
1038000,Konya,Meram,160,4,38,1,4,0,0,0,Klima,7,Ekonomik
1919000,Antalya,Konyaaltı,150,4,38,4,7,0,1,0,Merkezi Sistem,5,Ekonomik
2065000,Konya,Karatay,118,3,5,9,14,1,1,1,Kombi,9,Orta Segment
1465000,Ankara,Pursaklar,137,3,23,0,3,1,0,0,Merkezi Sistem,8,Ekonomik
1487000,Bursa,Osmangazi,97,1,9,2,5,0,1,0,Jeotermal,6,Ekonomik
1094000,Gaziantep,Şahinbey,146,3,24,4,6,0,1,0,Jeotermal,8,Ekonomik
3502000,İstanbul,Bağcılar,88,2,15,14,19,1,1,1,Kombi,9,Orta Segment
2243000,Bursa,Yıldırım,194,5,30,6,9,1,0,1,Soba,9,Orta Segment
904000,Trabzon,Yomra,79,1,12,19,21,1,0,1,Merkezi Sistem,9,Ekonomik
2363000,Ankara,Keçiören,130,2,5,5,8,1,1,0,Soba,2,Orta Segment
2541000,Bursa,Mudanya,115,2,1,13,14,1,1,1,Kombi,7,Orta Segment
2277000,Ankara,Sincan,100,2,1,10,11,1,0,0,Doğalgaz,5,Orta Segment
1348000,Kayseri,Kocasinan,196,5,30,14,19,0,0,0,Merkezi Sistem,4,Ekonomik
2058000,İzmir,Gaziemir,106,1,18,7,10,0,0,0,Soba,10,Orta Segment
449000,Kayseri,Melikgazi,93,1,31,19,24,0,1,0,Jeotermal,3,Ekonomik
883000,Antalya,Döşemealtı,86,1,39,11,13,1,0,0,Klima,6,Ekonomik
1378000,Ankara,Çankaya,131,3,30,1,5,1,0,0,Merkezi Sistem,2,Ekonomik
1067000,Adana,Çukurova,138,4,40,3,8,1,0,0,Merkezi Sistem,9,Ekonomik
1047000,Adana,Çukurova,159,5,29,15,17,0,0,1,Doğalgaz,5,Ekonomik
4779000,Bursa,Nilüfer,203,5,12,1,4,1,1,1,Klima,8,Orta Segment
5280000,Antalya,Muratpaşa,192,5,12,9,12,0,1,1,Merkezi Sistem,2,Lüks
839000,Adana,Sarıçam,129,3,28,12,15,0,0,1,Merkezi Sistem,9,Ekonomik
2105000,Antalya,Muratpaşa,156,4,27,2,6,0,1,1,Merkezi Sistem,2,Orta Segment
4106000,Ankara,Sincan,174,4,18,9,13,1,0,1,Merkezi Sistem,8,Orta Segment
2962000,İstanbul,Maltepe,113,3,27,8,9,0,1,1,Merkezi Sistem,9,Orta Segment
995000,İzmir,Konak,88,1,38,14,15,0,0,0,Jeotermal,6,Ekonomik
1216000,Adana,Sarıçam,113,3,2,19,21,1,0,1,Soba,2,Ekonomik
822000,Gaziantep,Şahinbey,134,3,23,12,15,1,0,0,Doğalgaz,3,Ekonomik
1431000,Kayseri,Develi,120,3,7,8,11,1,0,1,Jeotermal,8,Ekonomik
667000,Bursa,Nilüfer,51,1,4,14,16,1,0,1,Jeotermal,6,Ekonomik
1653000,Ankara,Yenimahalle,90,2,10,20,22,1,1,0,Doğalgaz,4,Ekonomik
2685000,İzmir,Bayraklı,186,5,31,0,3,1,0,0,Klima,2,Orta Segment
1843000,Ankara,Yenimahalle,147,3,30,16,20,1,1,0,Kombi,6,Ekonomik
1235000,Ankara,Gölbaşı,129,3,33,11,13,0,0,1,Klima,1,Ekonomik
2045000,Ankara,Mamak,104,2,10,5,8,0,0,1,Doğalgaz,5,Orta Segment
1752000,Bursa,Gürsu,111,2,8,20,23,0,1,0,Klima,10,Ekonomik
2998000,İzmir,Bornova,165,4,39,19,22,0,0,0,Doğalgaz,10,Orta Segment
2665000,Antalya,Kepez,177,5,36,13,18,0,0,1,Jeotermal,5,Orta Segment
1500000,Kayseri,Kocasinan,193,5,25,9,13,0,1,0,Kombi,8,Ekonomik
1555000,Konya,Beyşehir,134,3,13,10,15,0,0,1,Jeotermal,6,Ekonomik
1089000,Konya,Karatay,181,5,23,16,21,0,0,0,Soba,2,Ekonomik
2576000,Antalya,Döşemealtı,105,2,9,3,4,1,0,1,Kombi,3,Orta Segment
1458000,Adana,Yüreğir,134,2,10,15,20,1,0,1,Soba,1,Ekonomik
2072000,Ankara,Pursaklar,173,3,29,7,9,1,0,0,Merkezi Sistem,8,Orta Segment
713000,Gaziantep,Islahiye,122,2,34,0,1,1,0,1,Jeotermal,6,Ekonomik
863000,Konya,Meram,123,1,25,1,6,0,0,1,Doğalgaz,7,Ekonomik
992000,Trabzon,Yomra,163,5,35,8,13,0,0,0,Soba,6,Ekonomik
1505000,Adana,Yüreğir,137,5,9,6,11,1,1,0,Doğalgaz,1,Ekonomik
2811000,İzmir,Çiğli,164,5,30,16,20,0,1,0,Merkezi Sistem,10,Orta Segment
1244000,Adana,Çukurova,136,3,39,9,14,1,1,1,Jeotermal,10,Ekonomik
1282000,Antalya,Döşemealtı,99,1,23,10,11,1,1,1,Jeotermal,1,Ekonomik
601000,Gaziantep,Islahiye,87,2,37,18,20,0,1,1,Kombi,9,Ekonomik
397000,Gaziantep,Islahiye,53,1,15,1,6,0,0,0,Soba,6,Ekonomik
1687000,Konya,Karatay,153,3,13,13,18,1,1,0,Jeotermal,3,Ekonomik
995000,Trabzon,Akçaabat,95,3,20,15,20,1,0,0,Soba,9,Ekonomik
1896000,Adana,Yüreğir,152,4,16,19,23,0,0,1,Klima,5,Ekonomik
2353000,Bursa,Yıldırım,148,5,18,6,10,1,0,1,Klima,5,Orta Segment
1802000,Antalya,Muratpaşa,130,3,34,12,16,1,0,1,Doğalgaz,5,Ekonomik
2496000,Ankara,Sincan,120,3,16,15,17,0,1,1,Klima,5,Orta Segment
1336000,İzmir,Karşıyaka,108,3,37,7,9,0,1,0,Jeotermal,4,Ekonomik
3205000,İstanbul,Beşiktaş,132,3,21,15,16,0,0,0,Soba,8,Orta Segment
1740000,Kayseri,Kocasinan,194,5,18,10,13,0,0,0,Klima,1,Ekonomik
1206000,İzmir,Gaziemir,49,1,2,12,16,0,1,1,Doğalgaz,1,Ekonomik
3845000,Antalya,Alanya,136,3,6,10,13,1,1,1,Kombi,9,Orta Segment
1650000,Kayseri,Talas,136,2,7,10,12,1,1,1,Jeotermal,3,Ekonomik
9902000,İstanbul,Maltepe,203,5,18,18,20,0,1,1,Soba,9,Lüks
2478000,Adana,Seyhan,171,3,6,5,7,1,0,0,Doğalgaz,5,Orta Segment
1460000,Konya,Karatay,125,3,17,10,13,0,0,1,Jeotermal,4,Ekonomik
6137000,İstanbul,Beşiktaş,142,3,19,5,9,1,1,0,Jeotermal,5,Lüks
980000,Adana,Çukurova,85,2,8,15,17,1,1,1,Soba,9,Ekonomik
2846000,Kayseri,Kocasinan,201,5,15,19,20,1,1,1,Doğalgaz,10,Orta Segment
989000,Ankara,Çankaya,106,3,32,6,11,0,0,1,Klima,8,Ekonomik
2320000,Ankara,Etimesgut,149,4,37,15,16,1,0,1,Kombi,9,Orta Segment
2116000,Konya,Beyşehir,160,3,3,17,21,1,1,0,Soba,5,Orta Segment
6560000,İstanbul,Üsküdar,162,3,4,1,5,1,1,0,Klima,1,Lüks
721000,Ankara,Gölbaşı,45,1,18,13,15,0,1,1,Merkezi Sistem,7,Ekonomik
1610000,Kayseri,Develi,137,3,5,17,19,1,0,0,Klima,7,Ekonomik
1213000,Trabzon,Akçaabat,113,4,14,0,1,1,0,1,Klima,7,Ekonomik
1080000,Bursa,Osmangazi,103,3,22,4,7,0,1,0,Doğalgaz,7,Ekonomik
923000,Gaziantep,Şehitkamil,112,2,13,2,3,0,0,0,Kombi,1,Ekonomik
676000,Konya,Beyşehir,94,2,34,6,7,0,1,1,Kombi,10,Ekonomik
1016000,Adana,Yüreğir,103,2,19,4,9,0,0,1,Merkezi Sistem,1,Ekonomik
1031000,Trabzon,Akçaabat,135,4,27,17,21,0,0,1,Klima,6,Ekonomik
532000,Konya,Beyşehir,69,1,19,12,14,1,0,0,Merkezi Sistem,3,Ekonomik
631000,Kayseri,Melikgazi,127,3,26,13,18,0,0,0,Merkezi Sistem,4,Ekonomik
709000,Adana,Seyhan,118,3,23,2,7,0,0,1,Soba,10,Ekonomik
1093000,Gaziantep,Şehitkamil,119,1,12,18,23,0,0,0,Merkezi Sistem,5,Ekonomik
3094000,İstanbul,Üsküdar,91,2,7,15,17,0,0,0,Klima,6,Orta Segment
1724000,Antalya,Döşemealtı,127,3,34,20,23,1,0,1,Klima,8,Ekonomik
1735000,Kayseri,Melikgazi,192,5,30,10,12,1,0,1,Doğalgaz,10,Ekonomik
812000,Bursa,Osmangazi,69,1,16,17,22,1,0,0,Kombi,6,Ekonomik
1667000,Bursa,Mudanya,124,3,15,15,20,1,0,1,Jeotermal,8,Ekonomik
769000,Kayseri,Kocasinan,124,4,22,5,7,1,0,0,Klima,1,Ekonomik
6088000,Ankara,Çankaya,212,5,0,13,15,0,0,0,Doğalgaz,4,Lüks
1736000,Trabzon,Yomra,116,2,3,19,24,1,1,1,Doğalgaz,1,Ekonomik
2290000,Trabzon,Yomra,141,1,1,16,19,1,0,1,Kombi,2,Orta Segment
1421000,Ankara,Mamak,102,2,12,19,24,1,0,1,Soba,2,Ekonomik
517000,Adana,Sarıçam,97,3,36,7,9,1,1,0,Jeotermal,1,Ekonomik
1077000,Ankara,Pursaklar,114,3,24,17,21,0,1,0,Jeotermal,3,Ekonomik
1372000,Ankara,Gölbaşı,117,3,21,18,19,0,0,0,Jeotermal,10,Ekonomik
1424000,Kayseri,Talas,113,1,4,8,13,0,0,1,Doğalgaz,4,Ekonomik
1499000,Gaziantep,Şahinbey,179,5,25,2,5,0,1,0,Klima,7,Ekonomik
1291000,Trabzon,Araklı,131,3,8,2,7,1,0,0,Soba,4,Ekonomik
2031000,Ankara,Sincan,160,3,39,19,23,1,0,1,Soba,8,Orta Segment
1005000,Bursa,Yıldırım,109,3,24,13,15,1,0,1,Kombi,2,Ekonomik
539000,Ankara,Yenimahalle,62,1,24,20,22,1,0,1,Doğalgaz,2,Ekonomik
3988000,İstanbul,Ataşehir,148,3,23,8,9,0,0,0,Soba,8,Orta Segment
526000,Trabzon,Yomra,52,1,1,2,5,0,1,1,Soba,1,Ekonomik
2968000,Antalya,Döşemealtı,116,3,5,17,19,0,1,1,Kombi,3,Orta Segment
927000,Antalya,Konyaaltı,93,2,31,4,5,0,0,1,Soba,5,Ekonomik
853000,Kayseri,Melikgazi,105,2,16,7,11,0,0,0,Kombi,5,Ekonomik
2647000,İstanbul,Bağcılar,110,2,39,12,15,1,0,1,Jeotermal,10,Orta Segment
1257000,İzmir,Buca,100,2,38,6,10,1,0,1,Merkezi Sistem,5,Ekonomik
559000,Kayseri,Kocasinan,93,2,24,8,12,1,0,0,Klima,9,Ekonomik
2262000,İzmir,Konak,165,4,29,6,10,1,1,0,Soba,8,Orta Segment
2691000,İzmir,Buca,106,2,16,4,8,1,0,1,Klima,8,Orta Segment
515000,Gaziantep,Islahiye,96,3,32,13,18,0,0,0,Doğalgaz,4,Ekonomik
968000,Adana,Çukurova,141,4,39,1,6,1,0,1,Doğalgaz,1,Ekonomik
722000,Ankara,Yenimahalle,89,2,32,16,21,0,0,1,Soba,8,Ekonomik
724000,Gaziantep,Şahinbey,72,2,1,15,16,1,0,0,Doğalgaz,3,Ekonomik
701000,Adana,Yüreğir,110,2,29,6,11,1,0,1,Doğalgaz,8,Ekonomik
638000,Kayseri,Talas,92,1,19,1,2,0,0,0,Jeotermal,3,Ekonomik
434000,Bursa,Gürsu,78,1,35,5,8,1,0,0,Soba,3,Ekonomik
2915000,İzmir,Gaziemir,116,3,1,19,21,1,1,1,Soba,1,Orta Segment
1581000,Bursa,Osmangazi,87,2,4,18,19,0,0,1,Kombi,8,Ekonomik
2252000,Ankara,Yenimahalle,175,4,31,16,19,1,1,1,Klima,2,Orta Segment
822000,Adana,Yüreğir,146,3,39,5,8,0,1,0,Merkezi Sistem,2,Ekonomik
1297000,Bursa,Yıldırım,90,1,11,11,13,1,0,0,Klima,7,Ekonomik
431000,Konya,Karatay,80,3,40,17,19,0,0,1,Kombi,3,Ekonomik
1718000,Adana,Sarıçam,141,3,3,11,12,1,0,0,Soba,9,Ekonomik
799000,Trabzon,Yomra,137,3,31,13,17,1,0,0,Klima,1,Ekonomik
1143000,Bursa,Yıldırım,81,1,17,7,12,1,0,1,Klima,8,Ekonomik
2287000,Trabzon,Ortahisar,153,3,7,8,13,1,1,0,Jeotermal,8,Orta Segment
1866000,Trabzon,Akçaabat,136,3,6,20,22,1,0,1,Merkezi Sistem,6,Ekonomik
1344000,Ankara,Gölbaşı,70,1,15,6,11,1,1,1,Kombi,10,Ekonomik
2942000,İzmir,Bayraklı,112,2,3,18,21,1,1,0,Merkezi Sistem,5,Orta Segment
1521000,Antalya,Alanya,110,2,32,3,5,1,0,1,Jeotermal,3,Ekonomik
2154000,İzmir,Bayraklı,97,1,20,7,11,1,0,1,Jeotermal,7,Orta Segment
663000,Konya,Beyşehir,104,1,40,2,6,1,1,1,Soba,8,Ekonomik
1977000,Adana,Seyhan,139,5,5,14,17,0,1,1,Kombi,7,Ekonomik
820000,Bursa,Mudanya,67,2,20,9,12,0,1,1,Merkezi Sistem,1,Ekonomik
4220000,İstanbul,Beşiktaş,155,4,29,0,1,0,0,1,Doğalgaz,7,Orta Segment
2754000,Bursa,Osmangazi,161,4,19,5,8,0,1,1,Merkezi Sistem,2,Orta Segment
395000,Adana,Çukurova,96,1,25,20,23,0,0,0,Jeotermal,2,Ekonomik
6822000,İstanbul,Üsküdar,134,3,4,4,9,0,1,1,Doğalgaz,1,Lüks
1023000,Adana,Seyhan,100,3,8,15,16,0,0,0,Jeotermal,2,Ekonomik
2092000,Ankara,Sincan,111,2,19,4,8,0,1,0,Doğalgaz,9,Orta Segment
1900000,Gaziantep,Şehitkamil,142,3,10,14,17,0,1,0,Soba,10,Ekonomik
850000,Kayseri,Kocasinan,83,1,6,4,5,1,0,1,Merkezi Sistem,3,Ekonomik
2589000,Bursa,Yıldırım,145,4,5,7,12,1,1,0,Jeotermal,5,Orta Segment
1454000,Bursa,Gürsu,146,3,32,6,10,1,1,0,Kombi,8,Ekonomik
639000,Konya,Selçuklu,106,2,31,20,25,0,1,0,Merkezi Sistem,6,Ekonomik
2181000,İzmir,Gaziemir,139,3,26,11,16,0,0,0,Doğalgaz,10,Orta Segment
2818000,Ankara,Çankaya,125,2,13,1,2,1,1,1,Jeotermal,9,Orta Segment
873000,Konya,Beyşehir,149,4,25,2,7,0,0,0,Merkezi Sistem,2,Ekonomik
2714000,Trabzon,Akçaabat,171,5,9,17,20,1,1,0,Merkezi Sistem,7,Orta Segment
2030000,Bursa,Nilüfer,120,2,5,13,14,1,1,0,Merkezi Sistem,3,Orta Segment
4441000,Ankara,Çankaya,172,4,8,0,2,1,0,1,Kombi,6,Orta Segment
4983000,İzmir,Buca,163,4,7,0,3,1,0,0,Merkezi Sistem,10,Orta Segment
1132000,Ankara,Gölbaşı,114,3,32,11,12,1,1,0,Merkezi Sistem,3,Ekonomik
1893000,Antalya,Muratpaşa,94,3,7,7,12,0,0,0,Kombi,1,Ekonomik
1932000,Kayseri,Talas,143,3,9,5,6,1,0,1,Kombi,7,Ekonomik
367000,Adana,Yüreğir,85,1,36,11,12,0,0,0,Klima,1,Ekonomik
2677000,Konya,Selçuklu,178,3,18,9,12,0,1,1,Doğalgaz,6,Orta Segment
2523000,Bursa,Yıldırım,132,3,19,19,21,1,0,1,Kombi,9,Orta Segment
624000,Bursa,Osmangazi,89,1,26,0,2,1,1,0,Merkezi Sistem,1,Ekonomik
576000,Konya,Meram,64,1,13,16,18,1,0,0,Kombi,5,Ekonomik
1727000,Ankara,Çankaya,142,2,33,13,16,1,1,0,Klima,2,Ekonomik
1446000,Trabzon,Akçaabat,186,4,25,2,7,0,0,0,Kombi,5,Ekonomik
2175000,Antalya,Konyaaltı,160,5,25,10,13,1,0,0,Doğalgaz,4,Orta Segment
2279000,İzmir,Karşıyaka,81,1,6,5,9,1,0,1,Doğalgaz,9,Orta Segment
918000,Adana,Çukurova,96,3,19,14,17,0,0,0,Jeotermal,5,Ekonomik
894000,Gaziantep,Şehitkamil,101,2,20,4,5,0,0,1,Klima,1,Ekonomik
1034000,Antalya,Konyaaltı,59,1,1,12,16,0,0,1,Doğalgaz,3,Ekonomik
1658000,Ankara,Çankaya,96,1,14,4,6,1,0,0,Klima,10,Ekonomik
919000,Antalya,Muratpaşa,54,1,4,6,10,0,0,1,Doğalgaz,1,Ekonomik
442000,Kayseri,Melikgazi,73,1,36,13,17,1,0,1,Jeotermal,7,Ekonomik
1888000,İzmir,Çiğli,99,2,11,8,11,1,0,0,Klima,10,Ekonomik
1580000,Gaziantep,Şahinbey,150,4,18,15,19,1,0,0,Merkezi Sistem,7,Ekonomik
532000,İzmir,Gaziemir,51,2,33,7,12,0,0,1,Soba,9,Ekonomik
808000,Kayseri,Talas,125,3,32,10,14,1,0,0,Merkezi Sistem,10,Ekonomik
4473000,Bursa,Nilüfer,216,5,17,1,5,1,1,0,Kombi,2,Orta Segment
713000,Bursa,Osmangazi,99,2,34,1,3,1,0,0,Kombi,4,Ekonomik
2160000,Gaziantep,Nizip,231,5,22,18,19,1,1,0,Klima,4,Orta Segment
434000,Kayseri,Talas,80,1,31,1,2,0,0,0,Doğalgaz,9,Ekonomik
560000,Kayseri,Melikgazi,108,2,39,6,8,1,1,0,Merkezi Sistem,1,Ekonomik
4849000,İstanbul,Şişli,118,3,9,3,8,1,0,1,Jeotermal,7,Orta Segment
1091000,Gaziantep,Şehitkamil,104,2,19,10,12,0,1,1,Jeotermal,8,Ekonomik
806000,Adana,Çukurova,140,4,35,19,22,0,1,0,Soba,5,Ekonomik
1938000,Antalya,Kepez,74,1,0,18,22,0,0,1,Klima,4,Ekonomik
820000,Gaziantep,Şehitkamil,76,3,9,10,11,0,0,1,Kombi,2,Ekonomik
821000,Adana,Sarıçam,104,1,16,6,8,0,0,1,Doğalgaz,1,Ekonomik
2888000,İstanbul,Bağcılar,123,3,26,5,9,1,0,1,Klima,7,Orta Segment
1603000,Ankara,Gölbaşı,151,5,36,20,22,0,0,0,Doğalgaz,5,Ekonomik
2791000,İstanbul,Maltepe,82,2,6,2,5,0,0,0,Jeotermal,2,Orta Segment
874000,Trabzon,Ortahisar,123,2,38,19,23,0,0,0,Klima,7,Ekonomik
1373000,İzmir,Konak,94,1,21,6,8,1,1,1,Jeotermal,5,Ekonomik
1288000,Antalya,Kepez,69,1,3,12,17,1,0,0,Merkezi Sistem,1,Ekonomik
435000,Konya,Selçuklu,80,2,40,19,23,0,0,0,Kombi,3,Ekonomik
3266000,Antalya,Muratpaşa,125,3,7,9,13,1,0,1,Doğalgaz,9,Orta Segment
841000,Konya,Karatay,119,2,24,11,13,1,0,1,Soba,8,Ekonomik
1267000,Antalya,Kepez,97,2,36,1,3,0,0,1,Klima,7,Ekonomik
1440000,Gaziantep,Şahinbey,108,3,3,12,17,1,1,1,Klima,4,Ekonomik
495000,Kayseri,Talas,91,1,25,1,6,0,0,1,Kombi,3,Ekonomik
1194000,Bursa,Osmangazi,86,1,2,13,14,1,0,0,Klima,5,Ekonomik
706000,Adana,Seyhan,98,1,24,17,21,1,0,1,Doğalgaz,10,Ekonomik
380000,Gaziantep,Islahiye,69,1,26,4,6,0,0,0,Merkezi Sistem,9,Ekonomik
466000,Adana,Sarıçam,90,2,24,20,24,1,0,0,Merkezi Sistem,7,Ekonomik
628000,İzmir,Gaziemir,48,1,25,10,12,0,1,1,Merkezi Sistem,6,Ekonomik
7138000,İstanbul,Maltepe,154,5,19,9,12,1,1,0,Kombi,3,Lüks
3731000,Antalya,Döşemealtı,138,5,20,8,12,0,0,1,Kombi,7,Orta Segment
573000,Kayseri,Talas,84,1,32,5,6,1,1,1,Kombi,9,Ekonomik
679000,Gaziantep,Şehitkamil,69,1,12,6,7,0,0,1,Doğalgaz,6,Ekonomik
993000,Bursa,Yıldırım,104,2,29,16,20,0,1,0,Kombi,6,Ekonomik
377000,Kayseri,Develi,82,1,30,18,23,1,0,0,Merkezi Sistem,2,Ekonomik
2648000,Antalya,Muratpaşa,122,3,3,5,10,0,0,0,Jeotermal,4,Orta Segment
2438000,Antalya,Döşemealtı,136,3,1,0,4,0,1,0,Klima,1,Orta Segment
1428000,Bursa,Yıldırım,103,3,19,20,23,1,0,1,Soba,5,Ekonomik
1007000,Bursa,Mudanya,108,2,33,19,23,0,0,1,Klima,10,Ekonomik
1259000,Gaziantep,Nizip,105,2,6,15,16,1,0,1,Merkezi Sistem,5,Ekonomik
755000,Antalya,Kepez,69,1,33,7,8,1,1,1,Jeotermal,3,Ekonomik
3841000,İstanbul,Esenyurt,108,2,16,13,17,1,1,0,Klima,10,Orta Segment
3003000,Bursa,Yıldırım,163,4,14,17,21,1,1,1,Kombi,9,Orta Segment
1359000,İzmir,Buca,100,1,30,4,7,0,1,1,Jeotermal,2,Ekonomik
1493000,Bursa,Yıldırım,110,2,19,13,16,1,0,1,Soba,2,Ekonomik
1209000,Kayseri,Melikgazi,188,4,37,18,23,0,0,0,Klima,2,Ekonomik
1059000,Konya,Meram,93,3,3,4,6,0,0,1,Klima,8,Ekonomik
3251000,İzmir,Çiğli,142,4,11,2,6,1,1,0,Merkezi Sistem,1,Orta Segment
4035000,İstanbul,Esenyurt,115,2,13,5,10,0,0,0,Kombi,10,Orta Segment
774000,Konya,Beyşehir,133,3,27,15,19,0,0,0,Jeotermal,6,Ekonomik
4058000,İstanbul,Maltepe,167,5,33,6,7,0,1,0,Kombi,6,Orta Segment
566000,Antalya,Kepez,61,1,24,16,21,1,0,0,Doğalgaz,5,Ekonomik
1887000,Antalya,Döşemealtı,135,4,33,19,24,1,0,0,Merkezi Sistem,8,Ekonomik
325000,Adana,Çukurova,61,1,25,0,2,0,1,0,Kombi,1,Ekonomik
692000,Gaziantep,Şahinbey,89,1,23,20,21,1,1,1,Klima,10,Ekonomik
2090000,İstanbul,Sarıyer,62,1,6,20,21,0,1,0,Soba,8,Orta Segment
1319000,Konya,Selçuklu,118,3,16,15,17,0,1,0,Merkezi Sistem,7,Ekonomik
2176000,Ankara,Yenimahalle,181,3,38,4,8,0,1,0,Merkezi Sistem,2,Orta Segment
1320000,Ankara,Gölbaşı,127,2,38,6,9,0,0,1,Merkezi Sistem,3,Ekonomik
4663000,İstanbul,Pendik,129,3,13,15,18,0,0,0,Jeotermal,2,Orta Segment
1189000,Ankara,Gölbaşı,67,1,5,16,17,0,0,0,Soba,5,Ekonomik
1713000,Antalya,Döşemealtı,94,1,6,5,6,1,0,1,Soba,2,Ekonomik
1881000,Ankara,Çankaya,92,1,8,20,22,1,0,1,Klima,5,Ekonomik
1827000,Ankara,Sincan,117,2,11,3,7,1,0,1,Soba,8,Ekonomik
670000,Konya,Karatay,65,1,8,1,3,0,0,1,Klima,8,Ekonomik
3889000,İzmir,Gaziemir,178,5,22,19,20,0,0,1,Doğalgaz,7,Orta Segment
628000,Kayseri,Melikgazi,83,1,16,20,23,0,1,0,Jeotermal,6,Ekonomik
1608000,Trabzon,Ortahisar,137,3,15,15,18,1,0,0,Doğalgaz,3,Ekonomik
1990000,Trabzon,Yomra,141,3,10,2,6,1,0,1,Merkezi Sistem,1,Ekonomik
1273000,Trabzon,Akçaabat,146,3,24,12,14,0,0,1,Klima,8,Ekonomik
1728000,Ankara,Gölbaşı,128,3,20,3,7,0,0,1,Soba,1,Ekonomik
622000,Trabzon,Ortahisar,88,1,38,19,22,0,1,1,Merkezi Sistem,6,Ekonomik
3761000,İstanbul,Üsküdar,135,3,21,17,22,1,1,1,Jeotermal,8,Orta Segment
3802000,Ankara,Keçiören,158,5,14,0,3,1,1,1,Klima,9,Orta Segment
832000,Adana,Seyhan,79,1,10,15,17,1,0,1,Klima,4,Ekonomik
2383000,Bursa,Nilüfer,130,3,13,14,16,1,0,1,Doğalgaz,10,Orta Segment
1624000,Ankara,Gölbaşı,148,3,37,16,18,1,0,0,Klima,7,Ekonomik
1448000,Gaziantep,Islahiye,131,3,11,18,20,0,0,1,Jeotermal,10,Ekonomik
779000,Gaziantep,Nizip,121,3,24,13,18,0,0,1,Merkezi Sistem,5,Ekonomik
512000,Kayseri,Kocasinan,84,1,26,19,24,1,1,1,Jeotermal,9,Ekonomik
1159000,Bursa,Osmangazi,130,2,39,9,12,0,1,0,Klima,9,Ekonomik
1270000,Adana,Seyhan,176,5,22,17,21,1,1,1,Soba,1,Ekonomik
854000,Trabzon,Ortahisar,108,1,24,4,5,0,0,1,Kombi,5,Ekonomik
1969000,Antalya,Kepez,100,1,18,6,11,0,0,1,Doğalgaz,10,Ekonomik
1233000,Trabzon,Akçaabat,160,4,35,12,14,1,1,0,Soba,7,Ekonomik
2001000,Konya,Meram,131,3,3,0,3,0,1,1,Kombi,6,Orta Segment
2127000,Gaziantep,Şahinbey,169,5,12,9,13,0,1,0,Kombi,3,Orta Segment
2520000,Trabzon,Ortahisar,175,3,2,13,16,1,0,0,Klima,5,Orta Segment
5975000,İstanbul,Maltepe,121,3,9,1,3,1,1,0,Jeotermal,10,Lüks
3404000,Antalya,Döşemealtı,211,5,36,17,20,0,1,1,Klima,4,Orta Segment
2826000,İzmir,Karşıyaka,171,5,32,5,9,1,0,1,Kombi,4,Orta Segment
689000,Adana,Yüreğir,78,2,18,6,11,1,1,0,Doğalgaz,6,Ekonomik
701000,Kayseri,Kocasinan,134,4,39,19,21,0,1,1,Soba,2,Ekonomik
1220000,Konya,Meram,129,3,18,0,5,1,1,1,Soba,1,Ekonomik
1548000,Antalya,Kepez,136,2,32,2,3,0,1,0,Jeotermal,2,Ekonomik
1704000,Bursa,Osmangazi,174,4,27,3,5,1,1,0,Jeotermal,3,Ekonomik
4661000,İstanbul,Esenyurt,154,4,21,1,2,0,0,0,Merkezi Sistem,9,Orta Segment
937000,Ankara,Etimesgut,82,2,26,12,16,1,0,1,Doğalgaz,7,Ekonomik
2148000,Ankara,Çankaya,158,4,39,2,7,0,1,0,Merkezi Sistem,9,Orta Segment
4375000,Ankara,Yenimahalle,185,5,19,19,20,1,0,1,Soba,1,Orta Segment
1117000,Kayseri,Kocasinan,117,3,14,4,8,1,1,0,Merkezi Sistem,6,Ekonomik
5475000,İstanbul,Pendik,117,3,9,3,4,0,1,1,Klima,9,Lüks
1165000,Ankara,Yenimahalle,92,2,22,6,10,0,0,0,Kombi,10,Ekonomik
2047000,Antalya,Kepez,108,1,11,18,19,1,1,0,Merkezi Sistem,2,Orta Segment
982000,Antalya,Muratpaşa,88,2,37,15,18,1,0,0,Doğalgaz,5,Ekonomik
1104000,Gaziantep,Şehitkamil,93,2,20,15,19,1,1,1,Jeotermal,10,Ekonomik
4339000,İzmir,Çiğli,184,5,20,13,15,0,0,0,Kombi,7,Orta Segment
1725000,Antalya,Konyaaltı,110,1,21,15,19,1,0,1,Soba,9,Ekonomik
1496000,Ankara,Mamak,142,4,38,2,5,0,1,0,Merkezi Sistem,2,Ekonomik
1619000,Ankara,Çankaya,135,3,40,0,5,1,1,0,Doğalgaz,9,Ekonomik
2026000,Antalya,Alanya,143,3,30,20,22,1,0,0,Klima,5,Orta Segment
1609000,İzmir,Balçova,126,3,32,2,6,1,1,0,Jeotermal,4,Ekonomik
902000,Gaziantep,Şahinbey,152,5,32,4,8,0,0,0,Jeotermal,8,Ekonomik
695000,Adana,Seyhan,104,2,31,7,8,1,0,0,Doğalgaz,4,Ekonomik
1068000,Trabzon,Araklı,119,3,30,14,15,0,1,1,Doğalgaz,9,Ekonomik
2245000,Antalya,Konyaaltı,129,3,34,18,20,1,1,1,Merkezi Sistem,10,Orta Segment
3829000,Ankara,Yenimahalle,180,3,14,16,20,1,0,1,Soba,10,Orta Segment
1534000,İstanbul,Pendik,70,1,28,5,7,0,1,1,Kombi,3,Ekonomik
1625000,İzmir,Bornova,118,2,38,3,5,1,0,0,Soba,8,Ekonomik
1613000,Kayseri,Kocasinan,141,3,10,20,24,0,0,0,Kombi,10,Ekonomik
500000,Gaziantep,Şahinbey,91,1,40,16,17,0,0,0,Merkezi Sistem,3,Ekonomik
1080000,Trabzon,Yomra,146,3,36,20,21,1,0,0,Soba,10,Ekonomik
1054000,Kayseri,Develi,101,1,14,13,18,0,1,0,Klima,9,Ekonomik
2792000,Antalya,Kepez,182,4,21,14,19,0,0,1,Soba,3,Orta Segment
1135000,Ankara,Çankaya,101,2,33,16,20,0,1,0,Kombi,8,Ekonomik
1475000,Gaziantep,Şehitkamil,204,5,34,16,17,0,0,0,Klima,9,Ekonomik
3105000,İstanbul,Bağcılar,137,3,26,11,12,1,0,1,Soba,6,Orta Segment
1771000,Gaziantep,Şehitkamil,130,3,8,8,12,0,0,1,Klima,9,Ekonomik
1174000,Konya,Meram,108,2,0,0,5,0,1,0,Soba,4,Ekonomik
842000,Adana,Sarıçam,77,2,6,4,8,1,0,1,Klima,6,Ekonomik
1576000,Gaziantep,Nizip,167,4,25,6,10,1,0,1,Klima,9,Ekonomik
513000,Kayseri,Talas,98,2,36,11,15,0,1,0,Jeotermal,4,Ekonomik
887000,Kayseri,Kocasinan,84,1,13,16,20,1,1,0,Kombi,7,Ekonomik
1633000,İstanbul,Beşiktaş,78,1,30,19,23,0,0,1,Kombi,6,Ekonomik
2523000,Ankara,Çankaya,167,4,24,12,17,1,1,0,Kombi,8,Orta Segment
488000,Kayseri,Melikgazi,96,2,33,9,11,0,1,0,Klima,3,Ekonomik
6565000,İstanbul,Maltepe,126,2,0,5,6,1,0,1,Jeotermal,7,Lüks
2265000,Konya,Karatay,132,3,0,2,3,1,1,1,Merkezi Sistem,5,Orta Segment
894000,Bursa,Gürsu,128,2,29,12,17,0,0,0,Soba,9,Ekonomik
2744000,Ankara,Keçiören,118,3,18,10,11,1,1,1,Jeotermal,8,Orta Segment
2467000,Konya,Beyşehir,211,5,15,10,14,1,1,0,Soba,2,Orta Segment
1858000,Antalya,Muratpaşa,118,3,40,7,9,1,0,1,Klima,9,Ekonomik
1673000,İstanbul,Ataşehir,76,2,18,2,6,1,0,0,Soba,6,Ekonomik
1475000,Adana,Çukurova,138,3,17,5,7,1,1,0,Kombi,4,Ekonomik
1476000,Antalya,Kepez,84,2,12,7,12,1,0,0,Doğalgaz,2,Ekonomik
1358000,Kayseri,Melikgazi,184,5,34,1,5,1,1,1,Soba,10,Ekonomik
621000,Antalya,Döşemealtı,54,1,32,8,12,0,1,0,Doğalgaz,9,Ekonomik
1670000,Konya,Beyşehir,143,3,2,16,19,1,1,0,Soba,2,Ekonomik
1978000,Trabzon,Yomra,141,2,0,0,2,1,1,0,Merkezi Sistem,6,Ekonomik
300000,Gaziantep,Nizip,49,1,35,8,10,1,0,1,Merkezi Sistem,3,Ekonomik
712000,Kayseri,Develi,104,2,26,11,14,1,0,1,Kombi,10,Ekonomik
1409000,İzmir,Bayraklı,75,1,17,7,12,1,0,0,Kombi,3,Ekonomik
322000,Kayseri,Melikgazi,54,1,26,15,17,1,0,1,Merkezi Sistem,9,Ekonomik
1566000,Gaziantep,Şehitkamil,128,3,6,5,6,0,0,1,Jeotermal,2,Ekonomik
555000,Kayseri,Talas,111,2,23,11,16,1,0,0,Soba,2,Ekonomik
1061000,Adana,Çukurova,141,3,36,20,25,0,0,1,Merkezi Sistem,9,Ekonomik
616000,Kayseri,Develi,92,1,24,19,22,1,1,0,Kombi,6,Ekonomik
1014000,Konya,Beyşehir,83,1,5,5,8,0,0,1,Jeotermal,5,Ekonomik
2334000,Antalya,Alanya,153,4,25,8,12,1,1,1,Soba,3,Orta Segment
1492000,İzmir,Konak,66,1,15,8,9,0,0,1,Doğalgaz,2,Ekonomik
2234000,Ankara,Gölbaşı,129,3,3,0,4,0,0,1,Klima,3,Orta Segment
2006000,Ankara,Pursaklar,107,2,14,7,10,1,1,0,Kombi,9,Orta Segment
1525000,İzmir,Konak,96,1,22,10,14,1,1,1,Klima,8,Ekonomik
1705000,İzmir,Bornova,121,3,38,14,19,1,1,1,Merkezi Sistem,8,Ekonomik
2358000,Trabzon,Akçaabat,170,5,5,14,17,1,0,1,Kombi,5,Orta Segment
4114000,İstanbul,Kadıköy,98,3,8,11,14,1,1,0,Jeotermal,8,Orta Segment
578000,Kayseri,Talas,95,1,27,9,14,0,0,1,Kombi,7,Ekonomik
1369000,Trabzon,Yomra,110,3,15,5,9,1,0,1,Doğalgaz,7,Ekonomik
1595000,Bursa,Gürsu,179,5,39,8,11,1,0,0,Doğalgaz,3,Ekonomik
1731000,İzmir,Buca,110,1,40,14,19,1,0,1,Kombi,6,Ekonomik
1424000,İstanbul,Şişli,75,1,34,0,2,0,0,1,Kombi,8,Ekonomik
2450000,İstanbul,Üsküdar,84,1,9,0,4,0,0,1,Merkezi Sistem,8,Orta Segment
1706000,Adana,Sarıçam,150,4,2,10,11,0,0,1,Soba,2,Ekonomik
456000,Trabzon,Yomra,59,1,12,8,12,0,0,0,Soba,8,Ekonomik
1398000,Bursa,Nilüfer,140,2,29,3,8,0,0,1,Jeotermal,5,Ekonomik
1985000,Adana,Çukurova,143,4,2,17,22,0,0,1,Jeotermal,5,Ekonomik
1587000,Bursa,Yıldırım,107,1,13,3,5,1,0,0,Kombi,5,Ekonomik
1111000,Gaziantep,Şehitkamil,131,3,15,0,1,1,1,0,Merkezi Sistem,2,Ekonomik
2715000,Bursa,Osmangazi,143,3,5,19,22,0,0,1,Jeotermal,3,Orta Segment
653000,Trabzon,Ortahisar,97,1,31,7,10,1,0,0,Doğalgaz,7,Ekonomik
1933000,Adana,Çukurova,125,2,2,15,19,1,1,1,Kombi,10,Ekonomik
1522000,İzmir,Çiğli,131,2,29,8,13,0,0,0,Soba,5,Ekonomik
1907000,Antalya,Alanya,146,2,29,0,5,1,1,0,Doğalgaz,10,Ekonomik
1920000,Adana,Çukurova,139,2,4,17,21,0,1,1,Klima,3,Ekonomik
440000,Gaziantep,Nizip,91,2,26,20,23,0,0,0,Doğalgaz,3,Ekonomik
2523000,İzmir,Konak,98,2,6,15,17,0,0,1,Jeotermal,8,Orta Segment
553000,Trabzon,Araklı,90,1,23,7,12,0,0,0,Jeotermal,8,Ekonomik
2514000,Ankara,Gölbaşı,179,5,40,1,4,1,0,0,Klima,5,Orta Segment
3409000,Trabzon,Ortahisar,189,4,4,9,10,0,1,0,Doğalgaz,4,Orta Segment
1176000,Trabzon,Yomra,105,2,12,16,18,0,1,1,Jeotermal,2,Ekonomik
1140000,Gaziantep,Nizip,167,4,29,13,14,0,0,1,Klima,6,Ekonomik
1931000,İzmir,Balçova,99,2,20,17,20,1,0,1,Jeotermal,6,Ekonomik
885000,Gaziantep,Şahinbey,137,3,34,6,10,1,0,1,Soba,7,Ekonomik
1744000,İstanbul,Kadıköy,95,2,38,0,5,0,0,0,Merkezi Sistem,4,Ekonomik
472000,Bursa,Yıldırım,55,1,17,17,22,0,0,0,Soba,6,Ekonomik
1979000,İzmir,Bornova,109,2,23,18,20,0,0,1,Doğalgaz,10,Ekonomik
2563000,Konya,Karatay,188,4,4,10,14,0,0,0,Klima,5,Orta Segment
7707000,İstanbul,Sarıyer,151,3,5,1,4,1,0,1,Doğalgaz,4,Lüks
1233000,Gaziantep,Şehitkamil,151,4,40,12,13,1,1,0,Merkezi Sistem,9,Ekonomik
663000,Gaziantep,Şahinbey,118,2,32,7,9,0,1,1,Soba,10,Ekonomik
1046000,Gaziantep,Şehitkamil,134,2,27,9,13,0,0,1,Doğalgaz,8,Ekonomik
845000,Gaziantep,Şehitkamil,117,3,25,8,9,1,1,1,Jeotermal,3,Ekonomik
3281000,İzmir,Balçova,139,3,12,15,19,0,1,0,Kombi,2,Orta Segment
1078000,Antalya,Döşemealtı,93,2,36,2,3,1,0,1,Merkezi Sistem,4,Ekonomik
1918000,Adana,Yüreğir,129,3,1,9,11,1,1,1,Klima,3,Ekonomik
1104000,Kayseri,Melikgazi,115,2,12,11,13,0,0,0,Kombi,10,Ekonomik
976000,İzmir,Buca,95,1,21,3,6,1,0,0,Merkezi Sistem,4,Ekonomik
702000,Trabzon,Akçaabat,127,2,34,16,19,1,1,0,Jeotermal,1,Ekonomik
1180000,Konya,Selçuklu,97,2,10,1,4,0,1,1,Doğalgaz,8,Ekonomik
4543000,İstanbul,Beşiktaş,104,3,17,11,12,0,0,1,Kombi,7,Orta Segment
586000,Trabzon,Ortahisar,95,2,31,19,24,0,0,0,Klima,8,Ekonomik
810000,Trabzon,Ortahisar,79,1,15,16,19,1,0,1,Jeotermal,3,Ekonomik
4342000,İstanbul,Maltepe,156,4,22,11,14,0,1,1,Doğalgaz,5,Orta Segment
1707000,Konya,Selçuklu,149,3,17,7,9,1,0,0,Doğalgaz,7,Ekonomik
1011000,Trabzon,Akçaabat,98,3,15,18,20,1,0,1,Soba,9,Ekonomik
6477000,İzmir,Bayraklı,185,4,8,18,23,0,0,1,Jeotermal,9,Lüks
4769000,İzmir,Gaziemir,173,5,9,20,25,0,0,0,Klima,9,Orta Segment
1792000,Ankara,Mamak,98,2,9,0,3,1,0,1,Soba,5,Ekonomik
2081000,İzmir,Bayraklı,87,1,8,5,6,1,1,0,Klima,4,Orta Segment
2811000,Bursa,Nilüfer,125,2,5,15,17,1,1,1,Kombi,7,Orta Segment
633000,Kayseri,Develi,74,1,10,6,8,0,0,0,Merkezi Sistem,7,Ekonomik
3546000,Bursa,Osmangazi,178,5,13,2,4,1,1,1,Jeotermal,6,Orta Segment
1043000,Kayseri,Kocasinan,144,3,25,1,6,1,1,1,Soba,10,Ekonomik
1570000,Gaziantep,Şehitkamil,144,3,6,14,18,0,0,1,Jeotermal,1,Ekonomik
823000,Trabzon,Yomra,131,3,40,1,3,1,0,1,Merkezi Sistem,5,Ekonomik
1920000,Kayseri,Kocasinan,148,3,18,19,20,0,0,1,Doğalgaz,9,Ekonomik
1790000,Ankara,Mamak,199,5,37,17,19,1,0,1,Soba,1,Ekonomik
4081000,İzmir,Balçova,171,3,12,14,15,1,0,0,Jeotermal,2,Orta Segment
2455000,Ankara,Keçiören,177,4,28,20,23,0,1,1,Jeotermal,9,Orta Segment
795000,Gaziantep,Şahinbey,142,3,35,12,13,0,0,0,Kombi,3,Ekonomik
3069000,İzmir,Konak,117,3,19,9,13,1,1,0,Doğalgaz,3,Orta Segment
1708000,Bursa,Nilüfer,126,3,16,0,4,1,0,0,Klima,8,Ekonomik
1546000,Bursa,Osmangazi,147,3,30,14,18,1,0,0,Kombi,9,Ekonomik
2154000,Antalya,Alanya,158,4,35,6,7,0,0,0,Jeotermal,6,Orta Segment
2887000,İstanbul,Şişli,128,1,36,19,22,1,0,0,Doğalgaz,7,Orta Segment
4377000,İzmir,Bornova,159,4,18,19,24,0,0,1,Doğalgaz,2,Orta Segment
1853000,Antalya,Konyaaltı,127,2,24,2,6,0,0,1,Kombi,2,Ekonomik
1933000,Antalya,Konyaaltı,142,3,26,16,18,0,1,0,Doğalgaz,10,Ekonomik
1362000,Trabzon,Ortahisar,162,3,38,9,13,1,0,1,Kombi,10,Ekonomik
783000,Gaziantep,Islahiye,136,3,40,15,19,0,1,0,Jeotermal,5,Ekonomik
1168000,Bursa,Nilüfer,78,1,1,14,15,0,1,1,Soba,1,Ekonomik
994000,Adana,Yüreğir,136,3,40,6,7,0,1,1,Merkezi Sistem,2,Ekonomik
2829000,Antalya,Konyaaltı,162,3,35,10,11,0,1,1,Merkezi Sistem,7,Orta Segment
618000,Gaziantep,Şehitkamil,75,1,12,10,13,1,0,0,Jeotermal,3,Ekonomik
1019000,Kayseri,Kocasinan,178,4,29,17,20,1,0,0,Klima,5,Ekonomik
835000,Gaziantep,Nizip,141,3,34,0,2,1,0,0,Kombi,5,Ekonomik
2936000,İstanbul,Maltepe,124,3,40,17,19,1,0,0,Merkezi Sistem,6,Orta Segment
6669000,İstanbul,Ataşehir,126,3,5,15,17,1,0,1,Kombi,9,Lüks
770000,Antalya,Kepez,76,1,23,1,3,0,0,0,Soba,9,Ekonomik
789000,İzmir,Bayraklı,83,2,30,16,19,1,0,0,Klima,3,Ekonomik
1666000,Bursa,Nilüfer,161,3,24,16,17,0,0,0,Jeotermal,10,Ekonomik
1960000,Ankara,Sincan,110,3,2,3,8,1,0,1,Jeotermal,4,Ekonomik
697000,Adana,Çukurova,92,2,18,8,13,1,0,0,Merkezi Sistem,3,Ekonomik
3727000,İzmir,Buca,112,1,0,19,24,0,0,1,Klima,6,Orta Segment
3733000,Antalya,Kepez,141,4,18,18,20,0,0,1,Klima,6,Orta Segment
1009000,Trabzon,Yomra,99,1,8,0,4,0,0,1,Doğalgaz,2,Ekonomik
300000,Konya,Beyşehir,35,1,38,18,22,1,0,1,Kombi,9,Ekonomik
1788000,Ankara,Gölbaşı,102,3,8,2,6,0,0,1,Jeotermal,8,Ekonomik
1526000,Kayseri,Kocasinan,125,2,9,19,22,1,0,0,Jeotermal,6,Ekonomik
1959000,Adana,Sarıçam,157,3,1,2,6,0,0,1,Soba,3,Ekonomik
1955000,Antalya,Konyaaltı,141,3,36,4,9,0,0,0,Merkezi Sistem,9,Ekonomik
1553000,Ankara,Yenimahalle,145,3,29,12,17,1,0,0,Klima,3,Ekonomik
484000,Kayseri,Develi,82,1,21,6,11,1,0,1,Klima,4,Ekonomik
1652000,İzmir,Karşıyaka,139,4,36,15,16,1,0,0,Soba,3,Ekonomik
411000,Antalya,Döşemealtı,46,1,38,3,8,1,0,1,Jeotermal,1,Ekonomik
481000,Ankara,Etimesgut,60,1,37,20,21,0,1,0,Soba,9,Ekonomik
2308000,Antalya,Döşemealtı,133,3,36,14,16,0,1,1,Merkezi Sistem,10,Orta Segment
2765000,Antalya,Döşemealtı,173,4,22,2,7,0,1,1,Kombi,5,Orta Segment
4813000,İstanbul,Maltepe,110,3,3,0,5,1,0,1,Doğalgaz,4,Orta Segment
1335000,Konya,Beyşehir,135,4,20,12,16,1,0,0,Jeotermal,3,Ekonomik
611000,Kayseri,Kocasinan,116,2,35,12,15,1,0,1,Jeotermal,3,Ekonomik
1784000,İzmir,Konak,82,1,1,4,8,1,0,0,Kombi,7,Ekonomik
1183000,Kayseri,Develi,117,3,11,14,19,1,1,1,Soba,6,Ekonomik
815000,Bursa,Osmangazi,98,3,38,0,5,1,1,0,Jeotermal,9,Ekonomik
1984000,Antalya,Döşemealtı,129,3,36,11,12,0,1,1,Jeotermal,6,Ekonomik
4407000,Ankara,Gölbaşı,159,4,5,4,9,1,0,0,Klima,10,Orta Segment
1593000,Ankara,Etimesgut,132,3,40,2,7,1,1,0,Merkezi Sistem,9,Ekonomik
3305000,İstanbul,Esenyurt,132,3,32,15,20,1,0,1,Merkezi Sistem,5,Orta Segment
2347000,İzmir,Konak,155,4,38,9,14,1,0,1,Klima,3,Orta Segment
1556000,Gaziantep,Şehitkamil,140,4,18,19,20,1,0,0,Kombi,9,Ekonomik
1303000,Ankara,Yenimahalle,76,2,8,19,22,1,0,0,Jeotermal,2,Ekonomik
809000,Gaziantep,Şahinbey,105,3,9,14,17,0,0,0,Soba,3,Ekonomik
1060000,Trabzon,Ortahisar,90,2,5,4,9,0,0,1,Soba,4,Ekonomik
639000,Kayseri,Kocasinan,99,2,36,11,12,1,0,0,Kombi,8,Ekonomik
553000,Konya,Beyşehir,91,2,30,17,19,1,1,1,Soba,5,Ekonomik
1567000,İzmir,Gaziemir,63,1,18,14,18,1,1,0,Doğalgaz,9,Ekonomik
1214000,Adana,Sarıçam,106,3,17,10,13,1,0,1,Jeotermal,10,Ekonomik
2896000,Konya,Beyşehir,192,5,15,18,20,1,1,0,Merkezi Sistem,9,Orta Segment
3643000,İstanbul,Kadıköy,76,1,0,13,14,0,1,1,Merkezi Sistem,4,Orta Segment
1850000,Antalya,Konyaaltı,105,2,2,0,5,0,0,0,Klima,2,Ekonomik
3515000,Ankara,Keçiören,149,3,8,12,17,0,0,0,Merkezi Sistem,5,Orta Segment
770000,Kayseri,Melikgazi,143,4,29,8,12,1,0,0,Doğalgaz,5,Ekonomik
4561000,İstanbul,Bağcılar,128,3,21,1,4,1,0,1,Doğalgaz,8,Orta Segment
2152000,Bursa,Gürsu,113,3,11,20,24,0,0,1,Kombi,10,Orta Segment
3475000,Ankara,Gölbaşı,188,4,16,3,4,0,0,1,Soba,1,Orta Segment
1059000,Kayseri,Kocasinan,166,4,40,0,1,1,0,0,Jeotermal,6,Ekonomik
768000,Konya,Selçuklu,122,3,31,15,19,1,1,0,Klima,4,Ekonomik
2644000,İstanbul,Bağcılar,143,4,30,3,8,1,0,1,Soba,1,Orta Segment
1480000,Ankara,Sincan,117,3,21,2,6,1,1,0,Kombi,9,Ekonomik
5410000,İstanbul,Bağcılar,155,4,12,9,13,0,1,1,Soba,2,Lüks
909000,Kayseri,Kocasinan,84,1,2,6,7,0,0,1,Doğalgaz,9,Ekonomik
1609000,Antalya,Döşemealtı,136,3,28,0,1,1,0,1,Jeotermal,1,Ekonomik
337000,Konya,Selçuklu,65,2,33,14,19,0,1,0,Doğalgaz,1,Ekonomik
4743000,İzmir,Balçova,179,4,1,15,20,0,0,0,Doğalgaz,3,Orta Segment
10916000,İstanbul,Ataşehir,213,5,6,14,19,0,1,0,Doğalgaz,2,Lüks
528000,Kayseri,Kocasinan,65,1,12,13,16,1,0,0,Jeotermal,10,Ekonomik
1239000,Trabzon,Akçaabat,116,2,13,1,6,0,0,0,Doğalgaz,5,Ekonomik
1030000,İzmir,Gaziemir,90,1,23,17,19,1,0,0,Kombi,2,Ekonomik
1710000,Gaziantep,Islahiye,183,5,10,0,4,0,0,0,Kombi,2,Ekonomik
834000,Gaziantep,Nizip,127,3,30,4,6,0,1,1,Klima,8,Ekonomik
392000,Konya,Karatay,65,1,39,1,6,0,1,1,Klima,2,Ekonomik
4408000,Antalya,Konyaaltı,151,3,0,17,19,0,0,0,Klima,6,Orta Segment
692000,Trabzon,Akçaabat,108,3,40,6,9,0,0,0,Kombi,8,Ekonomik
1252000,Kayseri,Kocasinan,104,1,2,1,4,1,0,1,Merkezi Sistem,6,Ekonomik
1275000,Gaziantep,Islahiye,126,1,6,1,6,0,0,0,Soba,9,Ekonomik
1047000,Ankara,Keçiören,108,2,28,18,23,1,0,0,Jeotermal,6,Ekonomik
1536000,Bursa,Nilüfer,107,2,14,3,5,1,0,1,Kombi,2,Ekonomik
548000,Kayseri,Develi,94,1,27,4,6,1,0,1,Merkezi Sistem,3,Ekonomik
869000,Kayseri,Kocasinan,139,4,22,8,10,1,0,0,Jeotermal,10,Ekonomik
1483000,İstanbul,Ataşehir,43,1,7,14,18,1,0,1,Kombi,5,Ekonomik
930000,Gaziantep,Şahinbey,157,5,40,19,21,0,0,1,Klima,8,Ekonomik
1729000,Bursa,Gürsu,137,3,29,8,9,1,1,0,Kombi,6,Ekonomik
1591000,Konya,Karatay,129,3,9,18,19,1,0,0,Soba,9,Ekonomik
3376000,İstanbul,Bağcılar,131,3,25,15,16,1,0,0,Doğalgaz,9,Orta Segment
5254000,İstanbul,Bağcılar,123,2,8,11,14,0,1,0,Doğalgaz,8,Lüks
2497000,Antalya,Kepez,160,4,29,18,23,0,0,1,Kombi,7,Orta Segment
2156000,İzmir,Çiğli,141,4,29,20,21,0,0,1,Klima,1,Orta Segment
3945000,Antalya,Döşemealtı,176,5,17,19,24,0,1,0,Klima,6,Orta Segment
4177000,İstanbul,Pendik,165,4,23,1,2,1,0,1,Klima,1,Orta Segment
491000,Adana,Yüreğir,80,1,35,2,7,0,0,1,Kombi,9,Ekonomik
2531000,Ankara,Gölbaşı,176,4,37,6,8,1,0,1,Klima,7,Orta Segment
957000,Antalya,Muratpaşa,79,1,23,11,15,1,1,0,Soba,9,Ekonomik
1288000,Trabzon,Araklı,157,3,39,11,12,0,0,0,Doğalgaz,7,Ekonomik
1317000,İzmir,Buca,80,1,6,5,8,0,1,0,Soba,3,Ekonomik
2304000,Bursa,Gürsu,133,4,1,9,13,0,0,1,Soba,8,Orta Segment
3443000,İstanbul,Ataşehir,92,2,4,0,2,1,0,1,Jeotermal,6,Orta Segment
1578000,Kayseri,Develi,131,3,19,18,20,1,0,1,Kombi,8,Ekonomik
2388000,Adana,Yüreğir,178,5,3,4,7,1,0,0,Klima,3,Orta Segment
688000,Trabzon,Araklı,81,1,11,4,6,0,0,0,Merkezi Sistem,10,Ekonomik
1207000,İzmir,Balçova,86,2,23,5,7,0,1,1,Merkezi Sistem,3,Ekonomik
1028000,Adana,Sarıçam,105,3,10,17,20,0,0,1,Soba,3,Ekonomik
1540000,Kayseri,Talas,110,1,0,17,22,1,1,1,Soba,5,Ekonomik
1513000,Gaziantep,Şahinbey,175,5,36,14,17,0,1,1,Doğalgaz,3,Ekonomik
1472000,Trabzon,Ortahisar,107,2,1,12,17,0,0,1,Doğalgaz,6,Ekonomik
4789000,İstanbul,Sarıyer,142,4,12,18,23,0,0,0,Doğalgaz,2,Orta Segment
2446000,Trabzon,Yomra,147,4,5,16,20,0,0,1,Klima,10,Orta Segment
1283000,Trabzon,Ortahisar,158,4,23,12,14,1,0,1,Merkezi Sistem,1,Ekonomik
2599000,Antalya,Konyaaltı,113,2,19,14,19,0,0,1,Jeotermal,7,Orta Segment
454000,Kayseri,Talas,98,1,27,13,15,0,0,0,Merkezi Sistem,8,Ekonomik
300000,Trabzon,Araklı,35,1,37,12,13,0,0,1,Soba,3,Ekonomik
929000,Trabzon,Yomra,127,4,36,4,6,0,0,1,Klima,8,Ekonomik
2951000,İstanbul,Ataşehir,106,3,19,15,20,1,0,0,Doğalgaz,3,Orta Segment
2105000,Antalya,Konyaaltı,165,4,40,15,16,1,0,0,Soba,4,Orta Segment
6827000,İstanbul,Beşiktaş,168,5,17,15,16,1,1,1,Klima,7,Lüks
2978000,Antalya,Döşemealtı,144,4,7,11,16,0,0,0,Klima,1,Orta Segment
2203000,İzmir,Çiğli,100,3,8,11,13,0,0,1,Soba,6,Orta Segment
2662000,İstanbul,Ataşehir,104,2,33,20,21,0,1,0,Doğalgaz,10,Orta Segment
2265000,İzmir,Çiğli,107,2,19,8,11,0,1,1,Kombi,1,Orta Segment
1805000,İzmir,Buca,128,2,31,13,16,0,0,0,Kombi,9,Ekonomik
1732000,Bursa,Osmangazi,179,5,35,19,24,0,0,1,Doğalgaz,2,Ekonomik
1819000,İzmir,Konak,121,3,22,9,12,0,0,1,Kombi,5,Ekonomik
3957000,İstanbul,Beşiktaş,101,2,8,4,6,1,0,0,Kombi,2,Orta Segment
472000,Konya,Selçuklu,52,1,1,15,19,0,0,0,Doğalgaz,9,Ekonomik
1801000,Gaziantep,Şehitkamil,159,3,7,8,9,0,0,0,Doğalgaz,2,Ekonomik
1118000,Gaziantep,Şahinbey,116,3,12,5,8,0,0,0,Jeotermal,5,Ekonomik
1189000,Gaziantep,Nizip,92,2,10,16,21,0,1,0,Doğalgaz,10,Ekonomik
4522000,İstanbul,Pendik,118,2,12,9,11,0,1,0,Kombi,9,Orta Segment
1282000,Kayseri,Talas,198,4,37,5,9,0,0,1,Soba,7,Ekonomik
946000,Bursa,Gürsu,119,2,26,3,6,0,0,0,Klima,3,Ekonomik
2709000,Kayseri,Talas,181,4,18,17,18,0,0,1,Doğalgaz,7,Orta Segment
2643000,Antalya,Döşemealtı,130,3,19,14,16,1,0,1,Kombi,2,Orta Segment
973000,Kayseri,Talas,89,1,0,15,16,1,0,0,Doğalgaz,3,Ekonomik
1419000,Konya,Beyşehir,195,4,37,3,5,0,0,0,Merkezi Sistem,4,Ekonomik
725000,Gaziantep,Islahiye,72,1,14,13,17,1,1,1,Jeotermal,7,Ekonomik
761000,Adana,Sarıçam,128,4,38,12,16,1,0,1,Doğalgaz,2,Ekonomik
3311000,Antalya,Döşemealtı,154,3,14,20,22,0,0,0,Doğalgaz,8,Orta Segment
2722000,İstanbul,Şişli,109,3,38,10,12,1,1,0,Doğalgaz,9,Orta Segment
1624000,Kayseri,Develi,128,2,18,15,19,1,1,1,Klima,9,Ekonomik
5256000,İstanbul,Kadıköy,149,3,7,12,16,1,0,1,Soba,1,Lüks
4183000,İstanbul,Şişli,101,3,19,5,9,1,0,1,Jeotermal,7,Orta Segment
602000,Kayseri,Melikgazi,123,3,31,17,22,1,0,0,Klima,1,Ekonomik
1179000,Konya,Meram,156,3,37,12,17,1,0,1,Doğalgaz,1,Ekonomik
569000,Gaziantep,Şehitkamil,89,1,23,11,16,0,1,1,Soba,2,Ekonomik
561000,Konya,Meram,92,2,26,11,12,0,0,0,Jeotermal,5,Ekonomik
2114000,Gaziantep,Şehitkamil,156,4,4,9,10,1,0,0,Klima,6,Orta Segment
4971000,İstanbul,Esenyurt,185,4,27,18,23,1,0,0,Jeotermal,8,Orta Segment
667000,Gaziantep,Şehitkamil,115,2,24,18,22,1,1,0,Soba,2,Ekonomik
1174000,Bursa,Yıldırım,122,3,32,10,12,1,0,1,Kombi,8,Ekonomik
1166000,Ankara,Etimesgut,84,2,16,1,4,1,0,0,Jeotermal,10,Ekonomik
2794000,Ankara,Sincan,146,2,4,18,23,1,0,0,Merkezi Sistem,2,Orta Segment
3837000,Antalya,Alanya,175,5,19,13,18,1,0,1,Soba,5,Orta Segment
1478000,Gaziantep,Islahiye,161,4,35,5,6,0,1,1,Kombi,8,Ekonomik
3008000,Antalya,Alanya,197,5,39,13,18,0,1,0,Merkezi Sistem,8,Orta Segment
1272000,İzmir,Bayraklı,76,1,19,13,17,1,0,0,Soba,5,Ekonomik
1130000,Antalya,Kepez,100,2,38,7,11,0,0,0,Kombi,1,Ekonomik
1396000,Bursa,Yıldırım,139,3,31,17,21,1,1,0,Kombi,3,Ekonomik
1965000,Antalya,Kepez,93,1,16,8,13,0,1,0,Jeotermal,8,Ekonomik
2269000,İstanbul,Kadıköy,83,1,20,19,22,0,0,1,Jeotermal,2,Orta Segment
1133000,Konya,Karatay,112,2,7,18,23,0,1,1,Soba,2,Ekonomik
793000,Bursa,Gürsu,69,1,20,10,15,1,1,0,Soba,4,Ekonomik
2029000,İzmir,Karşıyaka,104,1,13,8,12,1,0,0,Soba,9,Orta Segment
732000,Adana,Seyhan,111,2,34,13,17,0,0,0,Merkezi Sistem,8,Ekonomik
609000,Adana,Yüreğir,84,1,38,1,2,0,0,1,Merkezi Sistem,6,Ekonomik
1317000,Ankara,Etimesgut,141,3,24,0,4,1,0,0,Kombi,5,Ekonomik
1227000,Bursa,Osmangazi,145,3,40,10,14,0,0,0,Soba,8,Ekonomik
1551000,Konya,Meram,180,4,27,3,5,1,1,0,Merkezi Sistem,7,Ekonomik
1537000,Gaziantep,Nizip,127,3,1,1,3,1,1,0,Doğalgaz,7,Ekonomik
762000,Bursa,Yıldırım,100,2,36,2,3,0,0,0,Klima,7,Ekonomik
1400000,Adana,Sarıçam,118,3,8,8,10,1,0,0,Doğalgaz,7,Ekonomik
1252000,Adana,Çukurova,163,3,24,18,20,0,0,0,Doğalgaz,8,Ekonomik
2526000,Bursa,Yıldırım,131,4,10,1,5,1,1,1,Kombi,2,Orta Segment
1738000,Adana,Çukurova,153,3,7,0,5,1,0,1,Doğalgaz,4,Ekonomik
3703000,Bursa,Osmangazi,177,5,17,9,13,1,0,1,Kombi,10,Orta Segment
2166000,Bursa,Yıldırım,139,4,12,13,15,1,0,0,Merkezi Sistem,5,Orta Segment
1589000,Bursa,Gürsu,127,3,15,11,16,1,0,0,Soba,3,Ekonomik
1215000,Adana,Sarıçam,137,4,13,12,16,1,0,0,Klima,1,Ekonomik
2787000,İstanbul,Maltepe,119,2,30,11,16,0,0,1,Klima,10,Orta Segment
1216000,Konya,Meram,164,3,23,4,9,0,1,0,Merkezi Sistem,3,Ekonomik
954000,Trabzon,Yomra,109,2,29,4,5,1,1,1,Kombi,5,Ekonomik
801000,Ankara,Sincan,51,1,8,15,18,1,0,1,Merkezi Sistem,10,Ekonomik
915000,Antalya,Alanya,74,2,27,5,8,1,0,1,Doğalgaz,4,Ekonomik
2050000,İzmir,Konak,93,2,11,1,5,1,0,1,Soba,2,Orta Segment
686000,Kayseri,Melikgazi,118,3,22,17,21,1,0,0,Jeotermal,3,Ekonomik
2695000,Ankara,Sincan,110,1,13,9,11,0,1,1,Klima,10,Orta Segment
926000,Bursa,Gürsu,121,1,33,18,20,1,0,0,Soba,2,Ekonomik
1330000,Adana,Seyhan,125,2,7,12,15,0,0,0,Doğalgaz,2,Ekonomik
858000,Kayseri,Develi,145,3,40,8,13,0,0,0,Jeotermal,10,Ekonomik
863000,Kayseri,Talas,138,4,36,4,6,0,1,1,Merkezi Sistem,1,Ekonomik
665000,Ankara,Pursaklar,76,1,25,8,10,0,0,0,Doğalgaz,4,Ekonomik
3291000,İzmir,Gaziemir,193,5,25,9,11,0,0,1,Soba,5,Orta Segment
1200000,Gaziantep,Şahinbey,106,2,6,11,16,0,0,1,Soba,8,Ekonomik
1163000,Antalya,Alanya,107,3,27,2,6,1,1,0,Soba,7,Ekonomik
1168000,Ankara,Çankaya,115,3,21,14,16,0,0,0,Merkezi Sistem,8,Ekonomik
1667000,Konya,Selçuklu,178,5,30,9,11,0,1,1,Kombi,9,Ekonomik
2603000,Konya,Meram,160,3,3,17,18,0,1,0,Klima,7,Orta Segment
721000,Konya,Selçuklu,109,3,36,8,11,1,1,0,Klima,1,Ekonomik
2235000,Ankara,Gölbaşı,104,1,11,12,13,0,0,1,Merkezi Sistem,10,Orta Segment
1122000,Kayseri,Develi,125,3,16,10,12,0,0,0,Jeotermal,10,Ekonomik
1522000,Antalya,Muratpaşa,122,3,34,0,1,1,0,0,Kombi,8,Ekonomik
1648000,Kayseri,Develi,192,4,38,15,18,1,1,1,Merkezi Sistem,2,Ekonomik
999000,İzmir,Bornova,70,1,12,3,4,0,0,0,Soba,3,Ekonomik
1215000,Bursa,Mudanya,157,4,34,6,7,1,0,0,Soba,7,Ekonomik
3095000,İstanbul,Beşiktaş,86,1,9,14,18,1,0,1,Klima,4,Orta Segment
930000,Bursa,Yıldırım,120,3,25,1,4,0,0,1,Soba,8,Ekonomik
400000,Gaziantep,Nizip,90,1,31,12,16,1,0,0,Klima,1,Ekonomik
1072000,Konya,Meram,106,3,4,8,12,1,0,1,Klima,6,Ekonomik
985000,Kayseri,Develi,79,1,10,9,11,1,0,1,Kombi,9,Ekonomik
2058000,Bursa,Gürsu,188,4,21,19,23,0,0,1,Soba,6,Orta Segment
1141000,Kayseri,Kocasinan,117,3,13,9,10,1,0,0,Kombi,3,Ekonomik
300000,Gaziantep,Islahiye,60,1,26,15,18,0,0,0,Doğalgaz,6,Ekonomik
4146000,Antalya,Konyaaltı,170,4,10,5,10,0,0,1,Soba,2,Orta Segment
463000,Gaziantep,Şahinbey,77,1,35,7,11,1,0,1,Doğalgaz,9,Ekonomik
1729000,Antalya,Kepez,137,4,32,19,20,0,0,1,Doğalgaz,2,Ekonomik
1716000,Gaziantep,Şehitkamil,125,3,2,16,17,0,1,0,Kombi,6,Ekonomik
2542000,İzmir,Buca,173,4,28,16,20,0,0,1,Merkezi Sistem,3,Orta Segment
1738000,Ankara,Etimesgut,159,3,26,0,2,1,0,1,Klima,3,Ekonomik
1131000,Ankara,Yenimahalle,104,2,26,11,13,0,1,1,Kombi,3,Ekonomik
504000,Konya,Beyşehir,81,3,29,16,19,0,0,0,Doğalgaz,9,Ekonomik
2209000,Ankara,Keçiören,119,2,20,12,14,1,0,1,Doğalgaz,3,Orta Segment
1241000,Gaziantep,Şehitkamil,156,4,33,9,13,1,1,1,Jeotermal,6,Ekonomik
373000,Adana,Seyhan,73,2,33,19,21,1,0,0,Klima,10,Ekonomik
1210000,Gaziantep,Islahiye,170,4,22,20,24,0,0,0,Doğalgaz,9,Ekonomik
1809000,Adana,Sarıçam,160,4,8,16,21,1,0,0,Klima,9,Ekonomik
1645000,Antalya,Alanya,114,2,40,5,6,0,1,1,Kombi,5,Ekonomik
1516000,Konya,Selçuklu,122,4,3,11,14,1,0,0,Jeotermal,2,Ekonomik
1370000,Kayseri,Talas,115,3,0,14,17,0,1,0,Merkezi Sistem,5,Ekonomik
4865000,Antalya,Alanya,159,4,8,12,17,0,0,1,Klima,10,Orta Segment
1742000,Bursa,Yıldırım,109,3,6,4,8,1,0,0,Doğalgaz,7,Ekonomik
2003000,İzmir,Balçova,113,2,28,2,5,1,1,1,Merkezi Sistem,10,Orta Segment
722000,Kayseri,Develi,133,3,31,13,15,0,1,0,Soba,8,Ekonomik
3311000,İzmir,Karşıyaka,138,4,13,14,18,0,1,0,Klima,6,Orta Segment
712000,Ankara,Pursaklar,58,1,7,11,16,1,0,0,Doğalgaz,6,Ekonomik
2697000,Antalya,Konyaaltı,113,2,18,15,16,0,0,1,Doğalgaz,5,Orta Segment
300000,Antalya,Kepez,35,1,31,0,1,1,0,0,Soba,8,Ekonomik
1205000,Gaziantep,Nizip,142,3,28,10,14,1,1,0,Kombi,9,Ekonomik
902000,Kayseri,Develi,155,4,28,4,7,0,1,1,Soba,4,Ekonomik
1663000,Konya,Meram,126,3,2,14,17,0,0,0,Klima,5,Ekonomik
916000,Trabzon,Ortahisar,142,4,35,2,4,0,1,0,Soba,9,Ekonomik
3377000,İstanbul,Beşiktaş,145,4,34,5,6,1,0,0,Jeotermal,10,Orta Segment
1180000,Kayseri,Melikgazi,182,5,34,19,22,1,1,0,Soba,1,Ekonomik
433000,Adana,Sarıçam,86,1,26,0,5,1,0,1,Doğalgaz,2,Ekonomik
1411000,Ankara,Mamak,99,2,9,5,8,0,0,1,Soba,3,Ekonomik
3628000,İstanbul,Sarıyer,122,2,11,0,1,1,0,0,Merkezi Sistem,3,Orta Segment
757000,Konya,Meram,101,2,24,3,4,0,0,0,Soba,9,Ekonomik
1010000,Trabzon,Yomra,85,1,17,1,4,1,1,1,Doğalgaz,8,Ekonomik
5703000,İstanbul,Bağcılar,146,4,14,0,3,0,0,0,Merkezi Sistem,10,Lüks
423000,Konya,Beyşehir,82,1,40,16,18,0,0,0,Kombi,9,Ekonomik
1219000,Konya,Beyşehir,98,1,0,14,19,1,1,0,Doğalgaz,1,Ekonomik
2208000,Kayseri,Talas,167,3,16,12,15,0,1,1,Doğalgaz,3,Orta Segment
1347000,Trabzon,Ortahisar,96,2,5,12,13,0,1,1,Soba,4,Ekonomik
1202000,Gaziantep,Nizip,156,4,21,20,23,1,0,0,Jeotermal,6,Ekonomik
912000,Adana,Çukurova,139,3,38,10,11,0,1,0,Klima,8,Ekonomik
5211000,İstanbul,Kadıköy,142,4,11,13,18,1,0,0,Jeotermal,2,Lüks
1030000,Trabzon,Ortahisar,148,4,28,3,6,1,1,1,Soba,3,Ekonomik
2460000,İstanbul,Beşiktaş,110,3,23,6,10,0,0,0,Merkezi Sistem,6,Orta Segment
1703000,Bursa,Nilüfer,171,3,40,9,11,0,0,1,Doğalgaz,5,Ekonomik
861000,Kayseri,Kocasinan,80,1,12,20,24,0,0,1,Kombi,9,Ekonomik
1418000,Bursa,Gürsu,153,4,38,18,20,0,1,0,Jeotermal,2,Ekonomik
2568000,İzmir,Buca,108,3,14,16,19,0,1,0,Jeotermal,9,Orta Segment
1197000,Gaziantep,Nizip,151,4,35,14,15,1,1,0,Merkezi Sistem,7,Ekonomik
749000,Konya,Meram,103,1,33,14,18,1,1,0,Jeotermal,4,Ekonomik
2906000,İstanbul,Ataşehir,141,3,34,14,17,0,0,0,Merkezi Sistem,2,Orta Segment
1657000,Gaziantep,Şehitkamil,158,4,14,13,14,0,0,0,Merkezi Sistem,5,Ekonomik
888000,Ankara,Keçiören,86,1,30,13,14,1,0,0,Doğalgaz,8,Ekonomik
996000,Bursa,Yıldırım,83,1,21,16,18,0,1,1,Doğalgaz,8,Ekonomik
605000,Gaziantep,Şehitkamil,59,1,3,1,5,1,1,0,Kombi,1,Ekonomik
644000,Kayseri,Melikgazi,131,2,39,20,24,0,0,0,Klima,1,Ekonomik
1521000,Antalya,Döşemealtı,87,3,6,19,23,0,1,0,Soba,7,Ekonomik
983000,Kayseri,Develi,155,3,39,3,6,0,0,1,Klima,4,Ekonomik
536000,Ankara,Keçiören,60,1,38,2,7,0,1,0,Jeotermal,9,Ekonomik
1760000,Antalya,Konyaaltı,146,3,30,19,23,0,0,0,Doğalgaz,1,Ekonomik
1874000,İzmir,Buca,125,3,27,16,19,1,1,0,Kombi,8,Ekonomik
1742000,Antalya,Alanya,97,2,18,11,12,0,0,0,Klima,9,Ekonomik
4882000,İstanbul,Bağcılar,137,2,12,6,8,0,0,0,Jeotermal,8,Orta Segment
1136000,Kayseri,Talas,154,3,36,10,15,1,0,1,Kombi,2,Ekonomik
1367000,Kayseri,Melikgazi,149,3,14,0,2,0,0,0,Kombi,8,Ekonomik
644000,Adana,Sarıçam,113,2,25,5,6,1,0,0,Merkezi Sistem,1,Ekonomik
553000,Trabzon,Ortahisar,61,1,18,14,16,1,0,0,Kombi,4,Ekonomik
1447000,Antalya,Kepez,81,2,16,5,8,0,0,0,Doğalgaz,3,Ekonomik
1299000,Antalya,Muratpaşa,70,1,8,12,13,1,0,1,Soba,4,Ekonomik
2003000,Adana,Yüreğir,160,4,10,16,21,1,1,0,Doğalgaz,3,Orta Segment
1653000,İzmir,Bayraklı,116,2,34,12,15,1,1,1,Jeotermal,4,Ekonomik
4893000,İstanbul,Sarıyer,147,3,12,17,20,0,0,0,Doğalgaz,5,Orta Segment
3524000,İzmir,Balçova,107,2,5,15,20,0,0,1,Jeotermal,9,Orta Segment
726000,Adana,Sarıçam,109,3,29,5,8,1,1,1,Jeotermal,8,Ekonomik
913000,Kayseri,Talas,140,3,25,20,25,0,0,0,Kombi,8,Ekonomik
1590000,Bursa,Mudanya,112,2,19,13,17,0,0,1,Klima,2,Ekonomik
1627000,İzmir,Karşıyaka,117,2,28,16,19,0,1,0,Soba,9,Ekonomik
909000,Gaziantep,Nizip,138,3,28,14,18,1,0,1,Merkezi Sistem,5,Ekonomik
630000,Konya,Selçuklu,93,1,28,7,10,0,0,0,Merkezi Sistem,9,Ekonomik
2625000,Trabzon,Ortahisar,177,5,17,7,8,0,0,1,Doğalgaz,9,Orta Segment
1303000,Bursa,Yıldırım,127,2,21,8,11,1,0,0,Jeotermal,9,Ekonomik
2813000,Antalya,Muratpaşa,136,5,19,9,12,1,0,0,Soba,9,Orta Segment
2251000,İzmir,Gaziemir,94,2,14,6,10,0,1,1,Jeotermal,8,Orta Segment
1040000,Adana,Seyhan,111,2,12,13,17,0,0,1,Klima,1,Ekonomik
1980000,Adana,Çukurova,144,3,8,9,10,1,1,1,Merkezi Sistem,4,Ekonomik
1146000,Konya,Beyşehir,165,4,25,17,20,1,1,0,Klima,1,Ekonomik
1332000,İzmir,Bornova,119,2,36,20,25,1,0,0,Soba,2,Ekonomik
644000,Trabzon,Yomra,86,2,30,3,6,1,1,1,Doğalgaz,3,Ekonomik
573000,Ankara,Mamak,69,1,38,15,16,0,0,0,Soba,5,Ekonomik
1071000,Bursa,Osmangazi,112,2,33,2,6,0,0,0,Kombi,6,Ekonomik
609000,Konya,Beyşehir,75,1,7,4,9,1,0,0,Soba,4,Ekonomik
1396000,İzmir,Bayraklı,104,2,27,15,17,1,1,0,Klima,8,Ekonomik
1841000,Antalya,Kepez,95,1,9,14,15,1,1,0,Klima,6,Ekonomik
616000,Gaziantep,Islahiye,108,3,29,18,19,0,0,1,Merkezi Sistem,5,Ekonomik
1990000,Konya,Karatay,149,3,15,5,10,1,0,1,Jeotermal,3,Ekonomik
1621000,Gaziantep,Şehitkamil,127,3,2,7,9,1,1,1,Jeotermal,2,Ekonomik
1263000,Bursa,Mudanya,131,3,35,3,6,0,0,1,Soba,8,Ekonomik
989000,İzmir,Buca,86,2,32,1,5,0,0,1,Soba,6,Ekonomik
2073000,Konya,Karatay,149,3,2,0,3,0,1,0,Merkezi Sistem,8,Orta Segment
935000,Kayseri,Develi,83,1,5,17,19,1,0,1,Merkezi Sistem,3,Ekonomik
1827000,İzmir,Konak,75,3,6,5,8,0,1,1,Kombi,2,Ekonomik
1073000,İstanbul,Ataşehir,66,1,28,11,13,0,1,0,Jeotermal,9,Ekonomik
3094000,Bursa,Mudanya,165,4,3,20,25,0,0,1,Soba,1,Orta Segment
411000,Gaziantep,Şehitkamil,77,1,24,6,8,1,0,0,Doğalgaz,1,Ekonomik
810000,Konya,Selçuklu,112,1,21,6,7,0,0,0,Jeotermal,3,Ekonomik
7859000,İstanbul,Bağcılar,162,3,6,10,13,0,1,0,Klima,7,Lüks
812000,Konya,Selçuklu,106,2,13,3,6,1,0,0,Soba,6,Ekonomik
2219000,İstanbul,Bağcılar,100,2,29,7,8,1,1,1,Doğalgaz,2,Orta Segment
1357000,Bursa,Mudanya,148,2,38,15,16,0,0,0,Klima,6,Ekonomik
1389000,Konya,Karatay,107,2,11,20,23,1,0,1,Doğalgaz,10,Ekonomik
773000,Gaziantep,Islahiye,130,3,32,20,22,0,0,0,Klima,2,Ekonomik
1842000,Antalya,Kepez,142,4,27,7,12,0,0,0,Merkezi Sistem,8,Ekonomik
735000,Antalya,Kepez,65,1,24,6,7,0,1,1,Jeotermal,6,Ekonomik
2161000,İzmir,Buca,92,2,2,16,20,1,0,0,Jeotermal,6,Orta Segment
572000,Adana,Çukurova,96,2,34,1,3,0,1,1,Klima,6,Ekonomik
3384000,İzmir,Balçova,126,4,0,2,6,0,0,0,Jeotermal,3,Orta Segment
513000,Bursa,Osmangazi,49,1,11,18,23,0,0,0,Soba,8,Ekonomik
3112000,Antalya,Kepez,156,4,12,7,11,0,1,0,Merkezi Sistem,5,Orta Segment
1319000,Gaziantep,Islahiye,148,4,12,8,12,0,0,1,Soba,3,Ekonomik
772000,Kayseri,Develi,136,3,32,19,23,0,0,0,Soba,7,Ekonomik
839000,Ankara,Yenimahalle,92,3,34,4,9,0,0,1,Soba,5,Ekonomik
748000,Kayseri,Talas,126,3,35,19,23,0,0,0,Jeotermal,8,Ekonomik
1727000,Bursa,Osmangazi,109,2,0,0,5,1,0,1,Soba,7,Ekonomik
1169000,Adana,Sarıçam,123,3,19,20,25,0,0,0,Doğalgaz,7,Ekonomik
796000,Gaziantep,Şahinbey,126,2,27,8,11,1,1,1,Jeotermal,1,Ekonomik
2202000,Konya,Beyşehir,193,4,15,7,11,0,0,0,Jeotermal,3,Orta Segment
2202000,Antalya,Alanya,115,3,9,8,10,0,0,0,Doğalgaz,7,Orta Segment
901000,Konya,Selçuklu,93,3,12,13,15,1,0,1,Klima,9,Ekonomik
1319000,Konya,Meram,160,4,26,2,3,1,0,1,Jeotermal,4,Ekonomik
521000,Konya,Meram,48,1,10,15,16,0,0,1,Klima,7,Ekonomik
1398000,Antalya,Döşemealtı,70,1,11,11,13,0,0,1,Kombi,9,Ekonomik
3649000,Ankara,Gölbaşı,162,3,13,5,7,0,1,0,Kombi,5,Orta Segment
745000,Konya,Beyşehir,149,4,39,3,5,0,0,0,Soba,2,Ekonomik
1031000,Antalya,Muratpaşa,61,2,1,18,20,1,0,0,Doğalgaz,1,Ekonomik
1876000,Antalya,Muratpaşa,150,4,37,1,2,0,1,0,Soba,10,Ekonomik
943000,Trabzon,Araklı,127,3,30,10,15,1,0,1,Jeotermal,6,Ekonomik
553000,Adana,Çukurova,100,2,25,12,17,0,0,1,Doğalgaz,1,Ekonomik
1869000,Kayseri,Develi,158,4,8,0,5,0,1,1,Jeotermal,4,Ekonomik
767000,Adana,Sarıçam,108,3,30,16,20,0,0,1,Doğalgaz,6,Ekonomik
3631000,İstanbul,Maltepe,153,4,28,7,12,1,0,0,Merkezi Sistem,7,Orta Segment
1313000,Kayseri,Melikgazi,169,4,24,9,14,0,1,0,Klima,10,Ekonomik
746000,Trabzon,Ortahisar,99,1,31,2,5,1,0,1,Doğalgaz,8,Ekonomik
994000,Trabzon,Akçaabat,92,2,13,5,6,0,0,0,Kombi,6,Ekonomik
964000,Konya,Meram,82,2,16,15,16,0,1,1,Doğalgaz,6,Ekonomik
2240000,Bursa,Gürsu,179,5,38,2,5,1,1,1,Jeotermal,9,Orta Segment
892000,Konya,Karatay,102,2,16,3,6,0,0,0,Merkezi Sistem,10,Ekonomik
1087000,Bursa,Nilüfer,119,3,23,4,7,1,1,0,Merkezi Sistem,1,Ekonomik
809000,Gaziantep,Şahinbey,133,3,27,10,13,0,1,0,Doğalgaz,7,Ekonomik
6783000,İstanbul,Pendik,155,3,20,4,7,0,0,1,Kombi,10,Lüks
5805000,Antalya,Kepez,174,4,2,19,22,1,1,0,Merkezi Sistem,10,Lüks
1221000,Kayseri,Kocasinan,117,3,18,12,13,1,0,0,Jeotermal,4,Ekonomik
2859000,İstanbul,Şişli,106,3,25,9,11,0,1,1,Merkezi Sistem,7,Orta Segment
1503000,Kayseri,Talas,200,5,25,12,13,1,0,0,Jeotermal,9,Ekonomik
1016000,Konya,Selçuklu,107,1,20,18,19,1,0,0,Klima,3,Ekonomik
1262000,Kayseri,Develi,110,2,9,6,8,0,1,0,Merkezi Sistem,10,Ekonomik
1543000,Ankara,Mamak,127,3,27,5,6,0,0,1,Kombi,1,Ekonomik
1443000,Ankara,Sincan,145,3,27,4,8,0,0,0,Kombi,7,Ekonomik
1181000,Kayseri,Talas,181,4,38,5,9,0,0,1,Merkezi Sistem,8,Ekonomik
1397000,Adana,Seyhan,100,1,7,2,3,1,1,0,Doğalgaz,10,Ekonomik
910000,Gaziantep,Islahiye,83,2,6,18,20,1,0,1,Merkezi Sistem,10,Ekonomik
1887000,İzmir,Karşıyaka,82,2,4,17,19,1,1,0,Soba,9,Ekonomik
469000,Trabzon,Yomra,73,1,33,18,23,0,0,0,Kombi,10,Ekonomik
2389000,İzmir,Konak,156,3,28,10,11,0,0,0,Jeotermal,3,Orta Segment
3344000,Ankara,Yenimahalle,168,5,2,2,3,1,0,0,Soba,1,Orta Segment
310000,Bursa,Yıldırım,46,1,33,9,14,1,0,1,Jeotermal,6,Ekonomik
1176000,Trabzon,Araklı,149,3,34,16,18,0,1,0,Kombi,1,Ekonomik
1051000,Bursa,Osmangazi,80,2,13,4,9,0,1,1,Merkezi Sistem,3,Ekonomik
404000,Gaziantep,Islahiye,79,1,35,8,11,1,1,0,Soba,8,Ekonomik
1626000,Ankara,Yenimahalle,138,4,27,4,9,0,0,1,Jeotermal,4,Ekonomik
1314000,Adana,Çukurova,120,3,9,10,14,1,0,0,Doğalgaz,5,Ekonomik
2249000,Ankara,Keçiören,165,4,35,13,14,1,1,0,Merkezi Sistem,6,Orta Segment
3217000,Antalya,Kepez,171,5,14,8,9,0,0,0,Soba,2,Orta Segment
2775000,Ankara,Mamak,128,3,19,18,22,0,1,1,Jeotermal,10,Orta Segment
1453000,Antalya,Alanya,99,2,38,3,4,0,0,1,Kombi,6,Ekonomik
934000,Trabzon,Yomra,141,3,37,4,7,0,1,0,Jeotermal,3,Ekonomik
3917000,İzmir,Gaziemir,143,3,17,1,4,0,1,1,Jeotermal,8,Orta Segment
1639000,İzmir,Balçova,128,2,29,16,19,1,0,0,Merkezi Sistem,2,Ekonomik
4550000,Antalya,Döşemealtı,177,5,20,2,3,0,1,0,Doğalgaz,3,Orta Segment
300000,Gaziantep,Şehitkamil,48,1,18,17,21,0,0,0,Soba,8,Ekonomik
1851000,Trabzon,Ortahisar,106,3,0,19,21,0,1,1,Jeotermal,9,Ekonomik
1598000,Adana,Çukurova,189,4,33,19,20,1,0,0,Kombi,2,Ekonomik
962000,Adana,Çukurova,142,3,22,1,5,1,0,0,Merkezi Sistem,2,Ekonomik
920000,Adana,Çukurova,93,3,7,9,12,1,0,1,Kombi,1,Ekonomik
825000,Gaziantep,Islahiye,89,2,19,20,25,0,0,1,Doğalgaz,6,Ekonomik
2980000,İstanbul,Sarıyer,126,3,21,9,12,0,0,1,Jeotermal,3,Orta Segment
300000,Konya,Meram,40,1,6,13,17,0,0,0,Soba,2,Ekonomik
507000,Kayseri,Melikgazi,58,1,16,7,11,1,0,1,Merkezi Sistem,7,Ekonomik
1657000,İzmir,Buca,121,1,28,14,16,0,0,1,Doğalgaz,6,Ekonomik
648000,Bursa,Nilüfer,54,2,18,1,3,1,0,1,Doğalgaz,3,Ekonomik
3840000,Bursa,Mudanya,177,4,17,3,7,1,1,1,Jeotermal,3,Orta Segment
690000,Adana,Sarıçam,105,3,24,4,5,0,0,0,Kombi,6,Ekonomik
2117000,Trabzon,Ortahisar,170,5,15,1,4,1,1,0,Soba,8,Orta Segment
4794000,Antalya,Konyaaltı,182,3,5,13,15,0,1,0,Kombi,5,Orta Segment
3675000,Ankara,Yenimahalle,160,4,15,13,15,1,1,0,Jeotermal,9,Orta Segment
579000,Gaziantep,Şahinbey,126,2,37,20,22,0,0,0,Soba,1,Ekonomik
693000,Antalya,Kepez,86,1,27,0,5,0,0,0,Soba,7,Ekonomik
1407000,Trabzon,Araklı,160,4,40,7,9,1,0,1,Doğalgaz,9,Ekonomik
1487000,Konya,Selçuklu,117,2,7,8,11,1,0,1,Kombi,6,Ekonomik
4327000,İstanbul,Şişli,87,1,0,1,4,0,0,1,Merkezi Sistem,10,Orta Segment
1562000,Ankara,Pursaklar,102,1,16,15,18,1,0,0,Doğalgaz,1,Ekonomik
570000,Trabzon,Akçaabat,69,2,23,11,16,1,0,1,Kombi,10,Ekonomik
561000,Konya,Selçuklu,61,1,8,20,25,0,0,0,Kombi,8,Ekonomik
1328000,Ankara,Keçiören,118,3,39,10,13,1,0,0,Doğalgaz,3,Ekonomik
1132000,Bursa,Mudanya,87,3,16,17,20,1,0,0,Soba,2,Ekonomik
827000,Kayseri,Develi,151,3,32,0,2,1,1,0,Merkezi Sistem,1,Ekonomik
2257000,Gaziantep,Şehitkamil,178,5,12,12,16,0,0,1,Klima,7,Orta Segment
941000,Trabzon,Yomra,140,3,38,8,10,0,0,0,Klima,4,Ekonomik
1335000,Gaziantep,Şehitkamil,191,5,32,14,19,1,0,0,Merkezi Sistem,5,Ekonomik
636000,Trabzon,Ortahisar,76,1,14,1,6,0,0,0,Jeotermal,3,Ekonomik
2651000,Antalya,Kepez,101,2,3,20,22,0,1,0,Doğalgaz,6,Orta Segment
995000,Gaziantep,Nizip,116,2,5,17,20,0,0,1,Merkezi Sistem,1,Ekonomik
4383000,İstanbul,Maltepe,118,2,17,5,8,0,1,0,Jeotermal,7,Orta Segment
2537000,Antalya,Alanya,129,3,13,14,16,1,0,0,Klima,7,Orta Segment
2202000,İzmir,Balçova,127,2,27,11,13,1,0,1,Kombi,8,Orta Segment
1185000,İzmir,Bornova,89,2,36,15,17,1,0,1,Kombi,3,Ekonomik
589000,Konya,Karatay,60,1,9,2,6,0,0,1,Doğalgaz,9,Ekonomik
2567000,İzmir,Konak,117,3,6,12,16,0,0,0,Jeotermal,1,Orta Segment
6475000,İzmir,Bayraklı,199,5,5,8,10,0,0,0,Klima,6,Lüks
855000,Ankara,Etimesgut,94,1,30,18,22,0,0,1,Soba,3,Ekonomik
1810000,Bursa,Nilüfer,117,3,17,20,25,0,0,0,Doğalgaz,9,Ekonomik
1849000,Antalya,Muratpaşa,146,3,26,4,5,0,0,0,Soba,7,Ekonomik
4682000,İzmir,Çiğli,178,4,18,7,11,0,0,0,Doğalgaz,4,Orta Segment
2692000,Ankara,Yenimahalle,112,2,4,19,22,0,0,0,Doğalgaz,10,Orta Segment
1923000,İzmir,Bornova,129,3,33,10,15,0,1,1,Kombi,5,Ekonomik
919000,Gaziantep,Nizip,101,2,6,8,12,1,0,0,Doğalgaz,3,Ekonomik
796000,İzmir,Çiğli,66,1,24,14,18,0,0,1,Jeotermal,5,Ekonomik
1943000,İzmir,Karşıyaka,89,2,8,5,9,1,0,1,Soba,8,Ekonomik
422000,Konya,Meram,42,1,15,12,16,1,1,1,Klima,9,Ekonomik
604000,Bursa,Mudanya,80,1,37,13,18,0,1,0,Kombi,6,Ekonomik
2044000,İstanbul,Üsküdar,93,1,23,17,21,0,0,0,Merkezi Sistem,6,Orta Segment
1919000,İzmir,Buca,97,3,9,17,21,0,0,0,Doğalgaz,3,Ekonomik
2416000,Ankara,Mamak,114,3,1,13,16,0,1,0,Jeotermal,10,Orta Segment
2562000,Ankara,Gölbaşı,146,3,10,0,2,1,0,0,Kombi,2,Orta Segment
4302000,İstanbul,Sarıyer,124,3,9,5,9,0,1,1,Soba,7,Orta Segment
2657000,Adana,Sarıçam,192,5,0,9,10,0,0,0,Klima,3,Orta Segment
568000,Trabzon,Akçaabat,81,1,25,13,17,1,1,1,Jeotermal,4,Ekonomik
1530000,Konya,Karatay,132,2,5,16,20,0,1,0,Soba,10,Ekonomik
2141000,İstanbul,Üsküdar,69,3,11,17,22,0,1,1,Soba,6,Orta Segment
1450000,Konya,Beyşehir,116,1,3,11,15,0,0,0,Doğalgaz,2,Ekonomik
607000,Adana,Yüreğir,84,1,15,9,11,0,0,0,Klima,1,Ekonomik
3098000,Antalya,Kepez,146,3,12,20,21,0,0,0,Klima,10,Orta Segment
6096000,İstanbul,Sarıyer,189,5,30,1,2,1,0,1,Doğalgaz,6,Lüks
4072000,Antalya,Döşemealtı,151,3,12,10,14,1,0,0,Merkezi Sistem,7,Orta Segment
1415000,Trabzon,Ortahisar,137,3,9,0,5,1,0,0,Merkezi Sistem,3,Ekonomik
753000,İzmir,Balçova,79,1,40,2,4,0,1,0,Jeotermal,3,Ekonomik
1697000,Trabzon,Araklı,116,3,8,10,13,1,1,1,Doğalgaz,7,Ekonomik
1037000,Bursa,Osmangazi,119,3,38,2,4,1,0,0,Kombi,5,Ekonomik
1424000,Trabzon,Ortahisar,113,3,6,14,17,0,0,0,Doğalgaz,5,Ekonomik
1348000,Gaziantep,Nizip,105,2,5,2,4,1,0,1,Merkezi Sistem,8,Ekonomik
1710000,İzmir,Karşıyaka,123,3,31,1,4,1,0,1,Klima,3,Ekonomik
983000,Kayseri,Talas,146,3,39,10,13,0,1,1,Klima,8,Ekonomik
2622000,Antalya,Muratpaşa,116,3,3,7,12,0,0,0,Merkezi Sistem,7,Orta Segment
873000,İzmir,Gaziemir,53,1,14,12,16,0,0,1,Soba,9,Ekonomik
608000,Kayseri,Melikgazi,70,1,11,3,7,1,0,1,Merkezi Sistem,2,Ekonomik
1007000,Adana,Yüreğir,135,3,31,6,10,0,0,1,Doğalgaz,9,Ekonomik
1417000,İzmir,Balçova,97,1,40,6,9,0,1,1,Doğalgaz,6,Ekonomik
1470000,Konya,Beyşehir,112,2,3,6,7,1,0,1,Jeotermal,3,Ekonomik
1503000,Ankara,Mamak,85,1,17,12,13,1,1,1,Soba,9,Ekonomik
448000,Bursa,Yıldırım,35,1,3,2,6,1,0,0,Kombi,6,Ekonomik
1565000,Konya,Beyşehir,158,3,34,5,9,1,1,1,Doğalgaz,9,Ekonomik
690000,Gaziantep,Şahinbey,99,1,37,19,21,1,1,1,Doğalgaz,3,Ekonomik
1151000,Kayseri,Kocasinan,131,3,20,3,7,1,1,0,Soba,3,Ekonomik
614000,Kayseri,Melikgazi,67,1,13,6,10,0,1,1,Kombi,6,Ekonomik
1918000,Bursa,Osmangazi,167,4,36,0,3,1,0,1,Merkezi Sistem,9,Ekonomik
1864000,Ankara,Gölbaşı,152,4,29,13,17,1,0,1,Klima,6,Ekonomik
1503000,Ankara,Mamak,130,3,27,11,13,0,1,1,Soba,5,Ekonomik
667000,Konya,Meram,126,4,39,3,4,0,0,0,Klima,7,Ekonomik
1588000,Ankara,Gölbaşı,143,4,39,17,18,1,1,0,Jeotermal,5,Ekonomik
597000,Konya,Karatay,94,2,29,17,21,0,0,1,Doğalgaz,6,Ekonomik
1054000,Kayseri,Develi,145,4,25,0,3,0,1,1,Merkezi Sistem,5,Ekonomik
3304000,Antalya,Döşemealtı,161,4,15,0,4,0,0,0,Kombi,6,Orta Segment
1657000,Trabzon,Araklı,117,2,10,18,22,0,1,1,Kombi,10,Ekonomik
1481000,Konya,Selçuklu,200,5,36,13,15,1,1,0,Soba,6,Ekonomik
1735000,Trabzon,Akçaabat,143,3,14,3,5,0,1,1,Jeotermal,5,Ekonomik
784000,Trabzon,Akçaabat,73,2,13,2,3,0,0,0,Jeotermal,10,Ekonomik
1555000,İzmir,Konak,137,3,34,2,7,1,0,0,Soba,6,Ekonomik
3655000,İzmir,Bayraklı,137,4,14,9,11,0,1,1,Merkezi Sistem,1,Orta Segment
531000,Antalya,Muratpaşa,56,1,40,0,5,0,0,1,Klima,2,Ekonomik
1699000,Ankara,Mamak,86,2,16,5,6,0,0,1,Kombi,7,Ekonomik
5300000,Ankara,Gölbaşı,173,5,1,13,14,1,1,0,Kombi,7,Lüks
1010000,Konya,Meram,144,4,28,5,7,1,0,0,Jeotermal,10,Ekonomik
458000,Gaziantep,Şehitkamil,80,1,21,11,15,0,0,1,Doğalgaz,4,Ekonomik
1849000,Gaziantep,Şehitkamil,144,3,1,16,21,0,0,1,Doğalgaz,4,Ekonomik
2213000,İstanbul,Maltepe,75,1,14,2,4,1,0,1,Kombi,2,Orta Segment
437000,Adana,Yüreğir,78,3,31,13,18,1,0,1,Kombi,4,Ekonomik
1647000,Antalya,Döşemealtı,128,1,37,18,21,0,0,1,Soba,8,Ekonomik
593000,Konya,Meram,104,2,39,3,8,1,0,0,Klima,6,Ekonomik
1982000,Adana,Seyhan,130,3,10,1,6,1,1,1,Merkezi Sistem,10,Ekonomik
1396000,Trabzon,Araklı,106,3,1,3,5,1,0,0,Merkezi Sistem,4,Ekonomik
2137000,Ankara,Etimesgut,169,4,23,11,13,1,0,0,Merkezi Sistem,1,Orta Segment
886000,Adana,Çukurova,138,3,36,10,12,0,0,1,Klima,4,Ekonomik
689000,Trabzon,Akçaabat,93,1,35,8,13,0,1,1,Jeotermal,7,Ekonomik
772000,Adana,Yüreğir,97,2,12,1,5,1,0,1,Soba,2,Ekonomik
771000,Ankara,Gölbaşı,82,1,38,10,15,1,0,0,Merkezi Sistem,1,Ekonomik
806000,Gaziantep,Şehitkamil,105,3,18,4,8,0,1,0,Merkezi Sistem,1,Ekonomik
963000,Ankara,Gölbaşı,83,1,26,9,12,1,0,1,Doğalgaz,9,Ekonomik
1803000,Adana,Sarıçam,133,3,3,12,15,1,0,0,Merkezi Sistem,10,Ekonomik
2096000,Ankara,Çankaya,100,2,3,0,2,0,0,1,Kombi,3,Orta Segment
1247000,Ankara,Etimesgut,122,4,23,17,18,0,0,0,Doğalgaz,1,Ekonomik
1356000,Antalya,Muratpaşa,102,2,21,19,23,1,1,0,Kombi,10,Ekonomik
757000,Kayseri,Melikgazi,76,1,20,4,9,1,1,1,Jeotermal,2,Ekonomik
1031000,Trabzon,Akçaabat,130,3,30,15,18,1,1,1,Kombi,2,Ekonomik
2831000,Antalya,Konyaaltı,129,4,5,11,16,0,1,0,Jeotermal,2,Orta Segment
766000,Ankara,Gölbaşı,72,1,13,0,2,1,0,0,Soba,2,Ekonomik
1187000,Adana,Çukurova,155,3,33,16,19,1,1,1,Jeotermal,3,Ekonomik
468000,Trabzon,Ortahisar,57,1,14,11,15,1,1,0,Soba,4,Ekonomik
3201000,Ankara,Yenimahalle,139,3,10,9,14,0,0,1,Doğalgaz,2,Orta Segment
2964000,Bursa,Nilüfer,161,3,11,8,9,1,1,1,Merkezi Sistem,5,Orta Segment
889000,Ankara,Keçiören,88,2,27,6,8,1,1,1,Klima,6,Ekonomik
2867000,İstanbul,Esenyurt,100,2,23,3,4,1,1,1,Kombi,5,Orta Segment
883000,Bursa,Mudanya,99,1,38,8,13,1,1,1,Doğalgaz,1,Ekonomik
1375000,Bursa,Nilüfer,98,2,7,1,2,1,0,0,Klima,2,Ekonomik
1468000,Antalya,Kepez,113,3,25,12,16,0,0,1,Soba,4,Ekonomik
855000,İzmir,Bayraklı,72,2,40,9,14,1,1,0,Doğalgaz,3,Ekonomik
2765000,Trabzon,Yomra,195,4,19,7,9,1,1,0,Kombi,3,Orta Segment
782000,Adana,Sarıçam,76,1,0,15,19,1,0,0,Merkezi Sistem,2,Ekonomik
1653000,İzmir,Konak,126,3,22,15,20,0,0,0,Soba,2,Ekonomik
2924000,İstanbul,Kadıköy,85,3,18,7,12,0,0,0,Doğalgaz,5,Orta Segment
548000,Adana,Sarıçam,101,3,22,17,20,1,0,1,Soba,1,Ekonomik
1300000,Adana,Yüreğir,146,4,21,16,21,1,0,1,Jeotermal,9,Ekonomik
3321000,İstanbul,Şişli,98,3,14,4,7,1,0,0,Klima,7,Orta Segment
2550000,Adana,Çukurova,195,4,5,6,10,0,0,1,Klima,3,Orta Segment
1349000,Antalya,Konyaaltı,108,2,25,18,22,1,0,0,Doğalgaz,10,Ekonomik
1885000,Trabzon,Araklı,138,3,7,13,17,1,0,0,Doğalgaz,8,Ekonomik
3814000,İzmir,Balçova,142,4,9,16,19,0,0,1,Merkezi Sistem,2,Orta Segment
4346000,Antalya,Muratpaşa,166,3,2,6,9,0,0,1,Merkezi Sistem,1,Orta Segment
2775000,Konya,Meram,169,4,0,1,4,0,0,1,Klima,9,Orta Segment
3340000,İzmir,Karşıyaka,135,4,17,4,6,1,1,0,Merkezi Sistem,4,Orta Segment
4951000,İstanbul,Esenyurt,134,2,15,20,24,1,0,0,Merkezi Sistem,5,Orta Segment
356000,Gaziantep,Nizip,73,1,36,13,16,0,1,0,Merkezi Sistem,3,Ekonomik
731000,Konya,Karatay,79,2,19,2,5,1,1,0,Soba,7,Ekonomik
1662000,Ankara,Mamak,147,3,28,10,15,1,0,1,Soba,8,Ekonomik
1547000,Konya,Beyşehir,120,3,1,17,18,1,0,0,Klima,5,Ekonomik
1326000,Bursa,Gürsu,121,3,23,4,9,1,0,1,Kombi,7,Ekonomik
6194000,İstanbul,Esenyurt,221,5,33,14,15,0,0,1,Jeotermal,2,Lüks
462000,Adana,Seyhan,97,2,36,15,18,0,0,0,Jeotermal,4,Ekonomik
965000,Trabzon,Akçaabat,144,3,31,4,6,0,0,1,Jeotermal,1,Ekonomik
645000,Kayseri,Kocasinan,67,1,4,0,2,0,1,0,Kombi,4,Ekonomik
1039000,Ankara,Gölbaşı,108,1,32,14,18,0,0,1,Soba,8,Ekonomik
1709000,İzmir,Bayraklı,92,3,16,19,23,0,0,0,Jeotermal,1,Ekonomik
3737000,İzmir,Bornova,141,4,15,5,10,0,0,1,Merkezi Sistem,5,Orta Segment
914000,Ankara,Gölbaşı,65,2,17,12,16,0,0,1,Soba,3,Ekonomik
5334000,İstanbul,Ataşehir,105,3,7,18,22,0,1,1,Doğalgaz,10,Lüks
1004000,Kayseri,Melikgazi,105,2,8,14,18,1,0,0,Merkezi Sistem,9,Ekonomik
645000,Trabzon,Akçaabat,96,2,33,12,17,0,0,0,Merkezi Sistem,10,Ekonomik
2045000,Adana,Sarıçam,157,4,8,8,11,1,0,1,Soba,8,Orta Segment
1226000,Gaziantep,Şahinbey,169,3,32,16,19,0,1,1,Klima,10,Ekonomik
1045000,Adana,Sarıçam,112,1,2,0,2,0,0,0,Soba,8,Ekonomik
1795000,Adana,Çukurova,162,5,15,3,5,1,0,0,Doğalgaz,10,Ekonomik
1940000,Antalya,Muratpaşa,76,1,4,14,17,0,0,1,Doğalgaz,8,Ekonomik
1102000,Konya,Karatay,152,4,36,17,19,0,0,1,Soba,5,Ekonomik
1745000,Bursa,Osmangazi,125,4,10,13,18,0,0,0,Jeotermal,2,Ekonomik
2516000,Bursa,Nilüfer,154,5,8,0,3,1,1,0,Merkezi Sistem,3,Orta Segment
1392000,Trabzon,Yomra,122,2,13,18,22,1,0,0,Doğalgaz,8,Ekonomik
300000,Konya,Beyşehir,35,1,36,2,4,1,0,0,Soba,4,Ekonomik
3576000,İstanbul,Sarıyer,138,3,21,0,2,1,0,1,Jeotermal,6,Orta Segment
2855000,Ankara,Mamak,129,2,4,17,22,0,1,1,Soba,10,Orta Segment
9088000,İstanbul,Pendik,168,4,7,18,22,1,1,0,Doğalgaz,6,Lüks
441000,Konya,Meram,69,2,21,1,3,0,1,1,Jeotermal,1,Ekonomik
613000,Bursa,Mudanya,69,1,36,19,20,1,0,1,Klima,10,Ekonomik
1296000,Ankara,Gölbaşı,86,1,17,1,2,0,0,0,Jeotermal,6,Ekonomik
748000,Konya,Beyşehir,91,2,14,0,1,0,0,1,Jeotermal,1,Ekonomik
334000,Trabzon,Yomra,58,1,24,12,14,1,1,1,Klima,3,Ekonomik
876000,Ankara,Gölbaşı,93,1,39,11,14,0,0,1,Doğalgaz,4,Ekonomik
2819000,Bursa,Nilüfer,143,3,0,7,11,0,0,0,Doğalgaz,2,Orta Segment
2874000,İstanbul,Şişli,95,3,11,9,10,1,0,0,Merkezi Sistem,3,Orta Segment
1653000,Gaziantep,Islahiye,153,3,7,2,3,1,1,0,Soba,6,Ekonomik
2400000,Bursa,Mudanya,145,4,19,11,16,1,1,0,Klima,5,Orta Segment
550000,Adana,Seyhan,95,1,22,13,18,1,0,0,Kombi,3,Ekonomik
700000,Trabzon,Akçaabat,93,2,35,6,7,1,1,0,Doğalgaz,4,Ekonomik
1463000,Kayseri,Develi,114,1,1,15,16,1,0,1,Merkezi Sistem,2,Ekonomik
3312000,İstanbul,Ataşehir,131,3,24,15,16,1,0,1,Doğalgaz,4,Orta Segment
602000,Bursa,Mudanya,63,1,27,17,18,1,0,1,Doğalgaz,10,Ekonomik
1518000,Adana,Yüreğir,188,5,37,6,7,1,1,1,Soba,1,Ekonomik
3788000,Ankara,Pursaklar,168,4,18,17,21,1,1,1,Kombi,7,Orta Segment
1290000,Kayseri,Kocasinan,101,1,0,8,11,0,0,1,Merkezi Sistem,10,Ekonomik
1422000,Konya,Selçuklu,122,3,17,11,14,1,1,0,Doğalgaz,5,Ekonomik
1442000,Gaziantep,Nizip,144,2,11,14,18,0,0,0,Soba,1,Ekonomik
1264000,Adana,Sarıçam,167,4,35,6,10,0,1,0,Merkezi Sistem,10,Ekonomik
637000,Trabzon,Araklı,90,1,28,5,8,1,0,1,Kombi,4,Ekonomik
4185000,İzmir,Bornova,123,3,3,7,8,0,0,1,Klima,6,Orta Segment
6450000,İstanbul,Pendik,159,4,14,1,4,1,0,1,Klima,1,Lüks
1273000,Gaziantep,Şahinbey,118,2,6,2,7,1,0,0,Kombi,4,Ekonomik
1224000,Adana,Yüreğir,171,4,26,2,6,1,0,0,Merkezi Sistem,10,Ekonomik
759000,Adana,Yüreğir,118,3,23,15,18,0,0,1,Doğalgaz,5,Ekonomik
1097000,İzmir,Konak,88,1,38,6,9,1,0,1,Klima,1,Ekonomik
6552000,İzmir,Gaziemir,189,5,5,2,4,1,1,0,Klima,1,Lüks
999000,Gaziantep,Islahiye,154,4,33,16,20,1,0,0,Klima,5,Ekonomik
676000,Bursa,Yıldırım,83,2,23,7,11,1,1,0,Jeotermal,4,Ekonomik
1435000,Kayseri,Develi,118,2,5,11,16,0,0,1,Klima,4,Ekonomik
480000,Kayseri,Develi,99,2,36,4,9,0,0,0,Klima,5,Ekonomik
1471000,Antalya,Konyaaltı,74,2,7,2,6,1,1,0,Klima,8,Ekonomik
3411000,Bursa,Osmangazi,147,3,0,5,6,1,0,1,Jeotermal,2,Orta Segment
4279000,İzmir,Konak,140,3,1,5,6,0,1,1,Soba,6,Orta Segment
2465000,İzmir,Gaziemir,155,4,35,7,10,0,0,1,Klima,10,Orta Segment
2590000,Gaziantep,Şehitkamil,168,4,2,2,5,1,0,1,Jeotermal,7,Orta Segment
3985000,Antalya,Döşemealtı,164,4,8,5,10,0,0,0,Klima,10,Orta Segment
858000,Adana,Sarıçam,86,3,20,14,16,1,0,0,Merkezi Sistem,8,Ekonomik
654000,Adana,Seyhan,120,3,33,16,21,1,0,1,Soba,6,Ekonomik
2254000,İzmir,Bornova,93,1,13,13,18,1,1,1,Doğalgaz,6,Orta Segment
1930000,Antalya,Kepez,101,1,18,8,12,1,0,0,Merkezi Sistem,5,Ekonomik
1232000,Gaziantep,Şehitkamil,118,2,17,4,5,0,1,0,Doğalgaz,10,Ekonomik
5754000,İstanbul,Pendik,154,3,12,0,4,0,0,0,Merkezi Sistem,10,Lüks
1343000,Konya,Beyşehir,122,3,8,14,17,0,1,0,Soba,7,Ekonomik
337000,Kayseri,Talas,44,1,8,8,9,1,0,0,Jeotermal,2,Ekonomik
782000,Adana,Çukurova,109,3,21,8,12,0,1,1,Doğalgaz,7,Ekonomik
740000,Ankara,Sincan,74,2,35,20,21,0,0,0,Klima,7,Ekonomik
891000,Bursa,Osmangazi,92,2,30,4,8,0,1,1,Merkezi Sistem,3,Ekonomik
1178000,Bursa,Nilüfer,119,3,13,0,4,0,0,0,Jeotermal,3,Ekonomik
5797000,İstanbul,Bağcılar,132,4,16,19,23,0,1,1,Soba,9,Lüks
2456000,İzmir,Buca,101,2,18,15,19,1,1,1,Klima,8,Orta Segment
2348000,Antalya,Muratpaşa,108,2,7,9,13,1,0,0,Jeotermal,7,Orta Segment
3244000,Ankara,Mamak,152,3,20,3,6,1,1,0,Soba,8,Orta Segment
1064000,Gaziantep,Islahiye,147,4,15,0,3,1,1,0,Soba,1,Ekonomik
1004000,Trabzon,Araklı,96,2,20,13,17,1,0,1,Merkezi Sistem,1,Ekonomik
3365000,Antalya,Döşemealtı,135,4,14,10,11,1,0,1,Kombi,10,Orta Segment
2602000,İzmir,Bayraklı,186,5,40,3,8,1,0,0,Jeotermal,1,Orta Segment
1416000,Konya,Selçuklu,180,5,21,11,16,0,1,0,Klima,4,Ekonomik
403000,Adana,Çukurova,75,1,34,12,14,1,0,1,Merkezi Sistem,7,Ekonomik
2913000,Bursa,Gürsu,172,4,15,0,1,0,1,0,Klima,7,Orta Segment
313000,Kayseri,Melikgazi,43,1,18,9,10,0,1,0,Doğalgaz,5,Ekonomik
1281000,Ankara,Pursaklar,125,4,25,4,7,0,0,0,Klima,7,Ekonomik
4098000,İstanbul,Kadıköy,153,4,34,19,21,0,1,1,Kombi,10,Orta Segment
1067000,Antalya,Konyaaltı,111,3,32,0,3,1,0,0,Doğalgaz,5,Ekonomik
1341000,Gaziantep,Islahiye,134,3,18,13,14,0,0,1,Soba,5,Ekonomik
